<ExtraCard>						
	<item id="26001" idOriginal="16110">					
		<name>裴元绍</name>				
		<skinId>12674</skinId>				
		<hitZ>47</hitZ>				
		<hpbarZ>63</hpbarZ><hpbarX>0</hpbarX>				
		<attackDelay>0.75</attackDelay>				
		<res>				
			<spine>12674</spine>			
			<spine>12202</spine>			
		</res>				
	</item>					
	<item id="26002" idOriginal="16111">					
		<name>马元义</name>				
		<skinId>12675</skinId>				
		<hitZ>58</hitZ>				
		<hpbarZ>70</hpbarZ><hpbarX>0</hpbarX>				
		<attackDelay>0.45</attackDelay>				
		<res>				
			<spine>12675</spine>			
		</res>				
	</item>					
	<item id="26003" idOriginal="16109">					
		<name>张曼成</name>				
		<skinId>12676</skinId>				
		<launchZ>74</launchZ>				
		<launchX>23</launchX>				
		<attackProjectileType>1</attackProjectileType>				
		<projectileSkinId>15003</projectileSkinId>				
		<hitZ>48</hitZ>				
		<hpbarZ>62</hpbarZ><hpbarX>0</hpbarX>				
		<attackDelay>1.25</attackDelay>				
		<res>				
			<spine>12676</spine>			
			<spine>15003</spine>			
		</res>				
	</item>					
	<item id="26004" idOriginal="16112">					
		<name>何进</name>				
		<skinId>12677</skinId>				
		<hitZ>60</hitZ>				
		<hpbarZ>70</hpbarZ><hpbarX>0</hpbarX>				
		<attackDelay>0.75</attackDelay>				
		<res>				
			<spine>12677</spine>			
		</res>				
	</item>					
	<item id="26005" idOriginal="16113">					
		<name>皇甫嵩</name>				
		<skinId>12678</skinId>				
		<launchZ>70</launchZ>				
		<launchX>30</launchX>				
		<attackProjectileType>1</attackProjectileType>				
		<projectileSkinId>112633</projectileSkinId>				
		<hitZ>52</hitZ>				
		<hpbarZ>65</hpbarZ><hpbarX>0</hpbarX>				
		<attackDelay>0.5</attackDelay>				
		<res>				
			<spine>12678</spine>			
			<spine>112633</spine>			
		</res>				
	</item>					
	<item id="26006" idOriginal="16114">					
		<name>张宝</name>				
		<skinId>12679</skinId>				
		<launchZ>80</launchZ>				
		<launchX>35</launchX>				
		<attackProjectileType>1</attackProjectileType>				
		<projectileSkinId>112633</projectileSkinId>				
		<hitZ>51</hitZ>				
		<hpbarZ>73</hpbarZ><hpbarX>0</hpbarX>				
		<attackDelay>0.5</attackDelay>				
		<res>				
			<spine>12679</spine>			
			<spine>112633</spine>			
		</res>				
	</item>					
	<item id="26007" idOriginal="16116">					
		<name>张梁</name>				
		<skinId>12680</skinId>				
		<hitZ>51</hitZ>				
		<hpbarZ>61</hpbarZ><hpbarX>0</hpbarX>				
		<attackDelay>0.4</attackDelay>				
		<res>				
			<spine>12680</spine>			
		</res>				
	</item>					
	<item id="26008" idOriginal="16108">					
		<name>张角</name>				
		<skinId>12681</skinId>				
		<launchZ>80</launchZ>				
		<launchX>-22</launchX>				
		<attackProjectileType>1</attackProjectileType>				
		<projectileSkinId>112633</projectileSkinId>				
		<hitZ>47</hitZ>				
		<hpbarZ>61</hpbarZ><hpbarX>0</hpbarX>				
		<attackDelay>0.5</attackDelay>				
		<res>				
			<spine>12681</spine>			
			<spine>12202</spine>			
			<spine>112633</spine>			
		</res>				
	</item>					
	<item id="26009" idOriginal="16104">					
		<name>卢植</name>				
		<skinId>12682</skinId>				
		<hitZ>46</hitZ>				
		<hpbarZ>66</hpbarZ><hpbarX>0</hpbarX>				
		<attackDelay>0.5</attackDelay>				
		<res>				
			<spine>12682</spine>			
		</res>				
	</item>					
	<item id="26010" idOriginal="16106">					
		<name>周仓</name>				
		<skinId>12683</skinId>				
		<launchZ>104</launchZ>				
		<launchX>-3</launchX>				
		<attackProjectileType>1</attackProjectileType>				
		<projectileSkinId>112633</projectileSkinId>				
		<hitZ>60</hitZ>				
		<hpbarZ>71</hpbarZ><hpbarX>0</hpbarX>				
		<attackDelay>0.5</attackDelay>				
		<res>				
			<spine>12683</spine>			
			<spine>112633</spine>			
		</res>				
	</item>					
	<item id="26011" idOriginal="16107">					
		<name>张绣</name>				
		<skinId>12684</skinId>				
		<hitZ>57</hitZ>				
		<hpbarZ>71</hpbarZ><hpbarX>0</hpbarX>				
		<attackDelay>0.6</attackDelay>				
		<res>				
			<spine>12684</spine>			
		</res>				
	</item>					
	<item id="26012" idOriginal="16116">					
		<name>曹昂</name>				
		<skinId>12685</skinId>				
		<hitZ>57</hitZ>				
		<hpbarZ>71</hpbarZ><hpbarX>0</hpbarX>				
		<attackDelay>0.58</attackDelay>				
		<res>				
			<spine>12685</spine>			
		</res>				
	</item>					
	<item id="26013" idOriginal="16117">					
		<name>曹操</name>				
		<skinId>12686</skinId>				
		<launchZ>76</launchZ>				
		<launchX>34</launchX>				
		<attackProjectileType>1</attackProjectileType>				
		<projectileSkinId>112633</projectileSkinId>				
		<hitZ>49</hitZ>				
		<hpbarZ>64</hpbarZ><hpbarX>0</hpbarX>				
		<attackDelay>0.5</attackDelay>				
		<res>				
			<spine>12686</spine>			
			<spine>112633</spine>			
		</res>				
	</item>					
	<item id="26014" idOriginal="16103">					
		<name>贾诩</name>				
		<skinId>12687</skinId>				
		<hitZ>50</hitZ>				
		<hpbarZ>65</hpbarZ><hpbarX>0</hpbarX>				
		<attackDelay>0.5</attackDelay>				
		<res>				
			<spine>12687</spine>			
		</res>				
	</item>					
	<item id="26015" idOriginal="16118">					
		<name>典韦</name>				
		<skinId>12688</skinId>				
		<launchZ>45</launchZ>				
		<launchX>20</launchX>				
		<attackProjectileType>1</attackProjectileType>				
		<projectileSkinId>112633</projectileSkinId>				
		<hitZ>44</hitZ>				
		<hpbarZ>56</hpbarZ><hpbarX>0</hpbarX>				
		<attackDelay>0.5</attackDelay>				
		<res>				
			<spine>12688</spine>			
			<spine>112633</spine>			
		</res>				
	</item>					
	<item id="26016" idOriginal="16102">					
		<name>李儒</name>				
		<skinId>12689</skinId>				
		<hitZ>51</hitZ>				
		<hpbarZ>65</hpbarZ><hpbarX>0</hpbarX>				
		<attackDelay>0.4</attackDelay>				
		<res>				
			<spine>12689</spine>			
		</res>				
	</item>					
	<item id="26017" idOriginal="16101">					
		<name>郭汜</name>				
		<skinId>12690</skinId>				
		<launchZ>98</launchZ>				
		<launchX>1</launchX>				
		<attackProjectileType>1</attackProjectileType>				
		<projectileSkinId>112633</projectileSkinId>				
		<hitZ>46</hitZ>				
		<hpbarZ>63</hpbarZ><hpbarX>0</hpbarX>				
		<attackDelay>1.25</attackDelay>				
		<res>				
			<spine>12690</spine>			
			<spine>112633</spine>			
		</res>				
	</item>					
	<item id="26018" idOriginal="16105">					
		<name>李傕</name>				
		<skinId>12691</skinId>				
		<launchZ>70</launchZ>				
		<launchX>18</launchX>				
		<attackProjectileType>1</attackProjectileType>				
		<projectileSkinId>112633</projectileSkinId>				
		<hitZ>52</hitZ>				
		<hpbarZ>62</hpbarZ><hpbarX>0</hpbarX>				
		<attackDelay>0.5</attackDelay>				
		<res>				
			<spine>12691</spine>			
			<spine>112633</spine>			
		</res>				
	</item>					
	<item id="26019" idOriginal="16119">					
		<name>华雄</name>				
		<skinId>12692</skinId>				
		<hitZ>59</hitZ>				
		<hpbarZ>72</hpbarZ><hpbarX>0</hpbarX>				
		<attackDelay>0.75</attackDelay>				
		<res>				
			<spine>12692</spine>			
		</res>				
	</item>					
	<item id="26020" idOriginal="16120">					
		<name>高顺</name>				
		<skinId>12693</skinId>				
		<hitZ>49</hitZ>				
		<hpbarZ>63</hpbarZ><hpbarX>0</hpbarX>				
		<attackDelay>0.6</attackDelay>				
		<res>				
			<spine>12693</spine>			
		</res>				
	</item>					
	<item id="26021" idOriginal="16121">					
		<name>袁术</name>				
		<skinId>12694</skinId>				
		<hitZ>48</hitZ>				
		<hpbarZ>63</hpbarZ><hpbarX>0</hpbarX>				
		<attackDelay>0.6</attackDelay>				
		<res>				
			<spine>12694</spine>			
		</res>				
	</item>					
	<item id="26022" idOriginal="16110">					
		<name>陈宫</name>				
		<skinId>12695</skinId>				
		<hitZ>54</hitZ>				
		<hpbarZ>71</hpbarZ><hpbarX>0</hpbarX>				
		<attackDelay>0.75</attackDelay>				
		<res>				
			<spine>12695</spine>			
			<spine>12202</spine>			
		</res>				
	</item>					
	<item id="26023" idOriginal="16111">					
		<name>陈登</name>				
		<skinId>12696</skinId>				
		<hitZ>59</hitZ>				
		<hpbarZ>72</hpbarZ><hpbarX>0</hpbarX>				
		<attackDelay>0.5</attackDelay>				
		<res>				
			<spine>12696</spine>			
		</res>				
	</item>					
	<item id="26024" idOriginal="16109">					
		<name>侯成</name>				
		<skinId>12697</skinId>				
		<launchZ>75</launchZ>				
		<launchX>27</launchX>				
		<attackProjectileType>1</attackProjectileType>				
		<projectileSkinId>15003</projectileSkinId>				
		<hitZ>51</hitZ>				
		<hpbarZ>63</hpbarZ><hpbarX>0</hpbarX>				
		<attackDelay>1.25</attackDelay>				
		<res>				
			<spine>12697</spine>			
			<spine>15003</spine>			
		</res>				
	</item>					
	<item id="26025" idOriginal="16112">					
		<name>王允</name>				
		<skinId>12698</skinId>				
		<hitZ>51</hitZ>				
		<hpbarZ>73</hpbarZ><hpbarX>0</hpbarX>				
		<attackDelay>0.35</attackDelay>				
		<res>				
			<spine>12698</spine>			
		</res>				
	</item>					
	<item id="26026" idOriginal="16113">					
		<name>牛辅</name>				
		<skinId>12699</skinId>				
		<launchZ>71</launchZ>				
		<launchX>40</launchX>				
		<attackProjectileType>1</attackProjectileType>				
		<projectileSkinId>112633</projectileSkinId>				
		<hitZ>53</hitZ>				
		<hpbarZ>70</hpbarZ><hpbarX>0</hpbarX>				
		<attackDelay>0.5</attackDelay>				
		<res>				
			<spine>12699</spine>			
			<spine>112633</spine>			
		</res>				
	</item>					
	<item id="26027" idOriginal="16114">					
		<name>汉献帝</name>				
		<skinId>12700</skinId>				
		<launchZ>101</launchZ>				
		<launchX>10</launchX>				
		<attackProjectileType>1</attackProjectileType>				
		<projectileSkinId>112633</projectileSkinId>				
		<hitZ>52</hitZ>				
		<hpbarZ>66</hpbarZ><hpbarX>0</hpbarX>				
		<attackDelay>1</attackDelay>				
		<res>				
			<spine>12700</spine>			
			<spine>112633</spine>			
		</res>				
	</item>					
	<item id="26028" idOriginal="16115">					
		<name>徐荣</name>				
		<skinId>12701</skinId>				
		<hitZ>50</hitZ>				
		<hpbarZ>61</hpbarZ><hpbarX>0</hpbarX>				
		<attackDelay>0.38</attackDelay>				
		<res>				
			<spine>12701</spine>			
		</res>				
	</item>					
	<item id="26029" idOriginal="16108">					
		<name>公孙瓒</name>				
		<skinId>12702</skinId>				
		<launchZ>65</launchZ>				
		<launchX>32</launchX>				
		<attackProjectileType>1</attackProjectileType>				
		<projectileSkinId>112633</projectileSkinId>				
		<hitZ>56</hitZ>				
		<hpbarZ>72</hpbarZ><hpbarX>0</hpbarX>				
		<attackDelay>0.75</attackDelay>				
		<res>				
			<spine>12702</spine>			
			<spine>12202</spine>			
			<spine>112633</spine>			
		</res>				
	</item>					
	<item id="26030" idOriginal="16104">					
		<name>潘凤</name>				
		<skinId>12703</skinId>				
		<hitZ>49</hitZ>				
		<hpbarZ>65</hpbarZ><hpbarX>0</hpbarX>				
		<attackDelay>0.38</attackDelay>				
		<res>				
			<spine>12703</spine>			
		</res>				
	</item>					
	<item id="26031" idOriginal="16106">					
		<name>袁绍</name>				
		<skinId>12704</skinId>				
		<launchZ>67</launchZ>				
		<launchX>20</launchX>				
		<attackProjectileType>1</attackProjectileType>				
		<projectileSkinId>112633</projectileSkinId>				
		<hitZ>44</hitZ>				
		<hpbarZ>65</hpbarZ><hpbarX>0</hpbarX>				
		<attackDelay>0.5</attackDelay>				
		<res>				
			<spine>12704</spine>			
			<spine>112633</spine>			
		</res>				
	</item>					
	<item id="26032" idOriginal="16107">					
		<name>臧霸</name>				
		<skinId>12705</skinId>				
		<hitZ>51</hitZ>				
		<hpbarZ>69</hpbarZ><hpbarX>0</hpbarX>				
		<attackDelay>0.5</attackDelay>				
		<res>				
			<spine>12705</spine>			
		</res>				
	</item>					
	<item id="26033" idOriginal="16116">					
		<name>田丰</name>				
		<skinId>12706</skinId>				
		<hitZ>53</hitZ>				
		<hpbarZ>73</hpbarZ><hpbarX>0</hpbarX>				
		<attackDelay>0.5</attackDelay>				
		<res>				
			<spine>12706</spine>			
		</res>				
	</item>					
	<item id="26034" idOriginal="16117">					
		<name>颜良</name>				
		<skinId>12707</skinId>				
		<launchZ>62</launchZ>				
		<launchX>30</launchX>				
		<attackProjectileType>1</attackProjectileType>				
		<projectileSkinId>112633</projectileSkinId>				
		<hitZ>49</hitZ>				
		<hpbarZ>63</hpbarZ><hpbarX>0</hpbarX>				
		<attackDelay>0.5</attackDelay>				
		<res>				
			<spine>12707</spine>			
			<spine>112633</spine>			
		</res>				
	</item>					
	<item id="26035" idOriginal="16103">					
		<name>文丑</name>				
		<skinId>12708</skinId>				
		<hitZ>62</hitZ>				
		<hpbarZ>78</hpbarZ><hpbarX>0</hpbarX>				
		<attackDelay>0.75</attackDelay>				
		<res>				
			<spine>12708</spine>			
		</res>				
	</item>					
	<item id="26036" idOriginal="16118">					
		<name>审配</name>				
		<skinId>12709</skinId>				
		<launchZ>62</launchZ>				
		<launchX>39</launchX>				
		<attackProjectileType>1</attackProjectileType>				
		<projectileSkinId>112633</projectileSkinId>				
		<hitZ>61</hitZ>				
		<hpbarZ>73</hpbarZ><hpbarX>0</hpbarX>				
		<attackDelay>0.5</attackDelay>				
		<res>				
			<spine>12709</spine>			
			<spine>112633</spine>			
		</res>				
	</item>					
	<item id="26037" idOriginal="16102">					
		<name>夏侯惇</name>				
		<skinId>12710</skinId>				
		<hitZ>71</hitZ>				
		<hpbarZ>77</hpbarZ><hpbarX>0</hpbarX>				
		<attackDelay>0.7</attackDelay>				
		<res>				
			<spine>12710</spine>			
		</res>				
	</item>					
	<item id="26038" idOriginal="16101">					
		<name>曹仁</name>				
		<skinId>12711</skinId>				
		<launchZ>66</launchZ>				
		<launchX>36</launchX>				
		<attackProjectileType>1</attackProjectileType>				
		<projectileSkinId>112633</projectileSkinId>				
		<hitZ>60</hitZ>				
		<hpbarZ>68</hpbarZ><hpbarX>0</hpbarX>				
		<attackDelay>0.5</attackDelay>				
		<res>				
			<spine>12711</spine>			
			<spine>112633</spine>			
		</res>				
	</item>					
	<item id="26039" idOriginal="16105">					
		<name>孙乾</name>				
		<skinId>12712</skinId>				
		<launchZ>58</launchZ>				
		<launchX>25</launchX>				
		<attackProjectileType>1</attackProjectileType>				
		<projectileSkinId>112633</projectileSkinId>				
		<hitZ>60</hitZ>				
		<hpbarZ>67</hpbarZ><hpbarX>0</hpbarX>				
		<attackDelay>0.5</attackDelay>				
		<res>				
			<spine>12712</spine>			
			<spine>112633</spine>			
		</res>				
	</item>					
	<item id="26040" idOriginal="16119">					
		<name>孔融</name>				
		<skinId>12713</skinId>				
		<hitZ>55</hitZ>				
		<hpbarZ>72</hpbarZ><hpbarX>0</hpbarX>				
		<attackDelay>0.6</attackDelay>				
		<res>				
			<spine>12713</spine>			
		</res>				
	</item>					
	<item id="26041" idOriginal="16120">					
		<name>糜竺</name>				
		<skinId>12714</skinId>				
		<hitZ>56</hitZ>				
		<hpbarZ>68</hpbarZ><hpbarX>0</hpbarX>				
		<attackDelay>0.5</attackDelay>				
		<res>				
			<spine>12714</spine>			
		</res>				
	</item>					
	<item id="26042" idOriginal="16121">					
		<name>曹洪</name>				
		<skinId>12715</skinId>				
		<hitZ>60</hitZ>				
		<hpbarZ>68</hpbarZ><hpbarX>0</hpbarX>				
		<attackDelay>0.35</attackDelay>				
		<res>				
			<spine>12715</spine>			
		</res>				
	</item>					
	<item id="26043" idOriginal="16110">					
		<name>张允</name>				
		<skinId>12716</skinId>				
		<hitZ>56</hitZ>				
		<hpbarZ>68</hpbarZ><hpbarX>0</hpbarX>				
		<attackDelay>0.75</attackDelay>				
		<res>				
			<spine>12716</spine>			
			<spine>12202</spine>			
		</res>				
	</item>					
	<item id="26044" idOriginal="16111">					
		<name>糜芳</name>				
		<skinId>12717</skinId>				
		<hitZ>54</hitZ>				
		<hpbarZ>65</hpbarZ><hpbarX>0</hpbarX>				
		<attackDelay>0.5</attackDelay>				
		<res>				
			<spine>12717</spine>			
		</res>				
	</item>					
	<item id="26045" idOriginal="16109">					
		<name>简雍</name>				
		<skinId>12718</skinId>				
		<launchZ>75</launchZ>				
		<launchX>27</launchX>				
		<attackProjectileType>1</attackProjectileType>				
		<projectileSkinId>15003</projectileSkinId>				
		<hitZ>56</hitZ>				
		<hpbarZ>65</hpbarZ><hpbarX>0</hpbarX>				
		<attackDelay>1.25</attackDelay>				
		<res>				
			<spine>12718</spine>			
			<spine>15003</spine>			
		</res>				
	</item>					
	<item id="26046" idOriginal="16112">					
		<name>淳于导</name>				
		<skinId>12719</skinId>				
		<hitZ>60</hitZ>				
		<hpbarZ>71</hpbarZ><hpbarX>0</hpbarX>				
		<attackDelay>0.75</attackDelay>				
		<res>				
			<spine>12719</spine>			
		</res>				
	</item>					
	<item id="26047" idOriginal="16113">					
		<name>夏侯恩</name>				
		<skinId>12720</skinId>				
		<launchZ>68</launchZ>				
		<launchX>32</launchX>				
		<attackProjectileType>1</attackProjectileType>				
		<projectileSkinId>112633</projectileSkinId>				
		<hitZ>58</hitZ>				
		<hpbarZ>69</hpbarZ><hpbarX>0</hpbarX>				
		<attackDelay>0.5</attackDelay>				
		<res>				
			<spine>12720</spine>			
			<spine>112633</spine>			
		</res>				
	</item>					
	<item id="26048" idOriginal="16114">					
		<name>赵云</name>				
		<skinId>12721</skinId>				
		<hitZ>55</hitZ>				
		<hpbarZ>68</hpbarZ><hpbarX>0</hpbarX>				
		<attackDelay>0.5</attackDelay>				
		<res>				
			<spine>12721</spine>			
		</res>				
	</item>					
	<item id="26049" idOriginal="16115">					
		<name>晏明</name>				
		<skinId>12722</skinId>				
		<hitZ>51</hitZ>				
		<hpbarZ>62</hpbarZ><hpbarX>0</hpbarX>				
		<attackDelay>0.6</attackDelay>				
		<res>				
			<spine>12722</spine>			
		</res>				
	</item>					
	<item id="26050" idOriginal="16108">					
		<name>马延</name>				
		<skinId>12723</skinId>				
		<launchZ>55</launchZ>				
		<launchX>31</launchX>				
		<attackProjectileType>1</attackProjectileType>				
		<projectileSkinId>112633</projectileSkinId>				
		<hitZ>51</hitZ>				
		<hpbarZ>63</hpbarZ><hpbarX>0</hpbarX>				
		<attackDelay>0.5</attackDelay>				
		<res>				
			<spine>12723</spine>			
			<spine>12202</spine>			
			<spine>112633</spine>			
		</res>				
	</item>					
	<item id="26051" idOriginal="16104">					
		<name>乐进</name>				
		<skinId>12724</skinId>				
		<hitZ>45</hitZ>				
		<hpbarZ>48</hpbarZ><hpbarX>0</hpbarX>				
		<attackDelay>0.35</attackDelay>				
		<res>				
			<spine>12724</spine>			
		</res>				
	</item>					
	<item id="26052" idOriginal="16106">					
		<name>荀彧</name>				
		<skinId>12725</skinId>				
		<launchZ>50</launchZ>				
		<launchX>30</launchX>				
		<attackProjectileType>1</attackProjectileType>				
		<projectileSkinId>112633</projectileSkinId>				
		<hitZ>45</hitZ>				
		<hpbarZ>48</hpbarZ><hpbarX>0</hpbarX>				
		<attackDelay>0.35</attackDelay>				
		<res>				
			<spine>12725</spine>			
			<spine>112633</spine>			
		</res>				
	</item>					
	<item id="26053" idOriginal="16107">					
		<name>鲁肃</name>				
		<skinId>12726</skinId>				
		<hitZ>45</hitZ>				
		<hpbarZ>48</hpbarZ><hpbarX>0</hpbarX>				
		<attackDelay>0.35</attackDelay>				
		<res>				
			<spine>12726</spine>			
		</res>				
	</item>					
	<item id="26054" idOriginal="16116">					
		<name>周瑜</name>				
		<skinId>12727</skinId>				
		<hitZ>45</hitZ>				
		<hpbarZ>48</hpbarZ><hpbarX>0</hpbarX>				
		<attackDelay>0.35</attackDelay>				
		<res>				
			<spine>12727</spine>			
		</res>				
	</item>					
	<item id="26055" idOriginal="16117">					
		<name>张昭</name>				
		<skinId>12728</skinId>				
		<launchZ>50</launchZ>				
		<launchX>30</launchX>				
		<attackProjectileType>1</attackProjectileType>				
		<projectileSkinId>112633</projectileSkinId>				
		<hitZ>45</hitZ>				
		<hpbarZ>48</hpbarZ><hpbarX>0</hpbarX>				
		<attackDelay>0.35</attackDelay>				
		<res>				
			<spine>12728</spine>			
			<spine>112633</spine>			
		</res>				
	</item>					
	<item id="26056" idOriginal="16103">					
		<name>小乔</name>				
		<skinId>12729</skinId>				
		<hitZ>45</hitZ>				
		<hpbarZ>48</hpbarZ><hpbarX>0</hpbarX>				
		<attackDelay>0.35</attackDelay>				
		<res>				
			<spine>12729</spine>			
		</res>				
	</item>					
	<item id="26057" idOriginal="16118">					
		<name>徐晃</name>				
		<skinId>12730</skinId>				
		<launchZ>50</launchZ>				
		<launchX>30</launchX>				
		<attackProjectileType>1</attackProjectileType>				
		<projectileSkinId>112633</projectileSkinId>				
		<hitZ>45</hitZ>				
		<hpbarZ>48</hpbarZ><hpbarX>0</hpbarX>				
		<attackDelay>0.35</attackDelay>				
		<res>				
			<spine>12730</spine>			
			<spine>112633</spine>			
		</res>				
	</item>					
	<item id="26058" idOriginal="16102">					
		<name>牛金</name>				
		<skinId>12731</skinId>				
		<hitZ>45</hitZ>				
		<hpbarZ>48</hpbarZ><hpbarX>0</hpbarX>				
		<attackDelay>0.35</attackDelay>				
		<res>				
			<spine>12731</spine>			
		</res>				
	</item>					
	<item id="26059" idOriginal="16101">					
		<name>李典</name>				
		<skinId>12732</skinId>				
		<launchZ>50</launchZ>				
		<launchX>30</launchX>				
		<attackProjectileType>1</attackProjectileType>				
		<projectileSkinId>112633</projectileSkinId>				
		<hitZ>45</hitZ>				
		<hpbarZ>48</hpbarZ><hpbarX>0</hpbarX>				
		<attackDelay>0.35</attackDelay>				
		<res>				
			<spine>12732</spine>			
			<spine>112633</spine>			
		</res>				
	</item>					
	<item id="26060" idOriginal="16105">					
		<name>宋谦</name>				
		<skinId>12733</skinId>				
		<launchZ>50</launchZ>				
		<launchX>30</launchX>				
		<attackProjectileType>1</attackProjectileType>				
		<projectileSkinId>112633</projectileSkinId>				
		<hitZ>45</hitZ>				
		<hpbarZ>48</hpbarZ><hpbarX>0</hpbarX>				
		<attackDelay>0.35</attackDelay>				
		<res>				
			<spine>12733</spine>			
			<spine>112633</spine>			
		</res>				
	</item>					
	<item id="26061" idOriginal="16119">					
		<name>徐盛</name>				
		<skinId>12734</skinId>				
		<hitZ>45</hitZ>				
		<hpbarZ>48</hpbarZ><hpbarX>0</hpbarX>				
		<attackDelay>0.35</attackDelay>				
		<res>				
			<spine>12734</spine>			
		</res>				
	</item>					
	<item id="26062" idOriginal="16120">					
		<name>凌统</name>				
		<skinId>12735</skinId>				
		<hitZ>45</hitZ>				
		<hpbarZ>48</hpbarZ><hpbarX>0</hpbarX>				
		<attackDelay>0.35</attackDelay>				
		<res>				
			<spine>12735</spine>			
		</res>				
	</item>					
	<item id="26063" idOriginal="16121">					
		<name>蒋钦</name>				
		<skinId>12736</skinId>				
		<hitZ>45</hitZ>				
		<hpbarZ>48</hpbarZ><hpbarX>0</hpbarX>				
		<attackDelay>0.35</attackDelay>				
		<res>				
			<spine>12736</spine>			
		</res>				
	</item>					
	<item id="26064" idOriginal="16110">					
		<name>潘璋</name>				
		<skinId>12737</skinId>				
		<hitZ>45</hitZ>				
		<hpbarZ>48</hpbarZ><hpbarX>0</hpbarX>				
		<attackDelay>0.35</attackDelay>				
		<res>				
			<spine>12737</spine>			
			<spine>12202</spine>			
		</res>				
	</item>					
	<item id="26065" idOriginal="16111">					
		<name>周泰</name>				
		<skinId>12738</skinId>				
		<hitZ>45</hitZ>				
		<hpbarZ>48</hpbarZ><hpbarX>0</hpbarX>				
		<attackDelay>0.35</attackDelay>				
		<res>				
			<spine>12738</spine>			
		</res>				
	</item>					
	<item id="26066" idOriginal="16109">					
		<name>关羽</name>				
		<skinId>12739</skinId>				
		<launchZ>50</launchZ>				
		<launchX>30</launchX>				
		<attackProjectileType>1</attackProjectileType>				
		<projectileSkinId>112633</projectileSkinId>				
		<hitZ>45</hitZ>				
		<hpbarZ>48</hpbarZ><hpbarX>0</hpbarX>				
		<attackDelay>0.35</attackDelay>				
		<res>				
			<spine>12739</spine>			
			<spine>112633</spine>			
		</res>				
	</item>					
	<item id="26067" idOriginal="16112">					
		<name>刘备</name>				
		<skinId>12740</skinId>				
		<hitZ>45</hitZ>				
		<hpbarZ>48</hpbarZ><hpbarX>0</hpbarX>				
		<attackDelay>0.35</attackDelay>				
		<res>				
			<spine>12740</spine>			
		</res>				
	</item>					
	<item id="26068" idOriginal="16113">					
		<name>蒋干</name>				
		<skinId>12741</skinId>				
		<launchZ>50</launchZ>				
		<launchX>30</launchX>				
		<attackProjectileType>1</attackProjectileType>				
		<projectileSkinId>112633</projectileSkinId>				
		<hitZ>45</hitZ>				
		<hpbarZ>48</hpbarZ><hpbarX>0</hpbarX>				
		<attackDelay>0.35</attackDelay>				
		<res>				
			<spine>12741</spine>			
			<spine>112633</spine>			
		</res>				
	</item>					
	<item id="26069" idOriginal="16114">					
		<name>荀攸</name>				
		<skinId>12742</skinId>				
		<launchZ>50</launchZ>				
		<launchX>30</launchX>				
		<attackProjectileType>1</attackProjectileType>				
		<projectileSkinId>112633</projectileSkinId>				
		<hitZ>45</hitZ>				
		<hpbarZ>48</hpbarZ><hpbarX>0</hpbarX>				
		<attackDelay>0.35</attackDelay>				
		<res>				
			<spine>12742</spine>			
			<spine>112633</spine>			
		</res>				
	</item>					
	<item id="26070" idOriginal="16115">					
		<name>陈群</name>				
		<skinId>12743</skinId>				
		<hitZ>45</hitZ>				
		<hpbarZ>48</hpbarZ><hpbarX>0</hpbarX>				
		<attackDelay>0.35</attackDelay>				
		<res>				
			<spine>12743</spine>			
		</res>				
	</item>					
	<item id="26071" idOriginal="16108">					
		<name>董昭</name>				
		<skinId>12744</skinId>				
		<launchZ>50</launchZ>				
		<launchX>30</launchX>				
		<attackProjectileType>1</attackProjectileType>				
		<projectileSkinId>112633</projectileSkinId>				
		<hitZ>45</hitZ>				
		<hpbarZ>48</hpbarZ><hpbarX>0</hpbarX>				
		<attackDelay>0.35</attackDelay>				
		<res>				
			<spine>12744</spine>			
			<spine>12202</spine>			
			<spine>112633</spine>			
		</res>				
	</item>					
	<item id="26072" idOriginal="16104">					
		<name>韩浩</name>				
		<skinId>12745</skinId>				
		<hitZ>45</hitZ>				
		<hpbarZ>48</hpbarZ><hpbarX>0</hpbarX>				
		<attackDelay>0.35</attackDelay>				
		<res>				
			<spine>12745</spine>			
		</res>				
	</item>					
	<item id="26074" idOriginal="16107">					
		<name>诸葛亮</name>				
		<skinId>12747</skinId>				
		<hitZ>45</hitZ>				
		<hpbarZ>48</hpbarZ><hpbarX>0</hpbarX>				
		<attackDelay>0.35</attackDelay>				
		<res>				
			<spine>12747</spine>			
		</res>				
	</item>					
	<item id="26075" idOriginal="16116">					
		<name>刘禅</name>				
		<skinId>12748</skinId>				
		<hitZ>45</hitZ>				
		<hpbarZ>48</hpbarZ><hpbarX>0</hpbarX>				
		<attackDelay>0.35</attackDelay>				
		<res>				
			<spine>12748</spine>			
		</res>				
	</item>					
	<item id="26076" idOriginal="16117">					
		<name>李严</name>				
		<skinId>12749</skinId>				
		<hitZ>45</hitZ>				
		<hpbarZ>48</hpbarZ><hpbarX>0</hpbarX>				
		<attackDelay>0.35</attackDelay>				
		<res>				
			<spine>12749</spine>			
		</res>				
	</item>					
	<item id="26077" idOriginal="16103">					
		<name>庞德</name>				
		<skinId>12750</skinId>				
		<launchZ>50</launchZ>				
		<launchX>30</launchX>				
		<attackProjectileType>1</attackProjectileType>				
		<projectileSkinId>112633</projectileSkinId>				
		<hitZ>45</hitZ>				
		<hpbarZ>48</hpbarZ><hpbarX>0</hpbarX>				
		<attackDelay>0.35</attackDelay>				
		<res>				
			<spine>12750</spine>			
			<spine>112633</spine>			
		</res>				
	</item>					
	<item id="26078" idOriginal="16118">					
		<name>关平</name>				
		<skinId>12751</skinId>				
		<hitZ>45</hitZ>				
		<hpbarZ>48</hpbarZ><hpbarX>0</hpbarX>				
		<attackDelay>0.35</attackDelay>				
		<res>				
			<spine>12751</spine>			
		</res>				
	</item>					
	<item id="26079" idOriginal="16102">					
		<name>于禁</name>				
		<skinId>12752</skinId>				
		<launchZ>50</launchZ>				
		<launchX>30</launchX>				
		<attackProjectileType>1</attackProjectileType>				
		<projectileSkinId>112633</projectileSkinId>				
		<hitZ>45</hitZ>				
		<hpbarZ>48</hpbarZ><hpbarX>0</hpbarX>				
		<attackDelay>0.35</attackDelay>				
		<res>				
			<spine>12752</spine>			
			<spine>112633</spine>			
		</res>				
	</item>					
	<item id="26080" idOriginal="16101">					
		<name>满宠</name>				
		<skinId>12753</skinId>				
		<hitZ>45</hitZ>				
		<hpbarZ>48</hpbarZ><hpbarX>0</hpbarX>				
		<attackDelay>0.35</attackDelay>				
		<res>				
			<spine>12753</spine>			
		</res>				
	</item>					
	<item id="26081" idOriginal="16105">					
		<name>傅方</name>				
		<skinId>12754</skinId>				
		<launchZ>50</launchZ>				
		<launchX>30</launchX>				
		<attackProjectileType>1</attackProjectileType>				
		<projectileSkinId>112633</projectileSkinId>				
		<hitZ>45</hitZ>				
		<hpbarZ>48</hpbarZ><hpbarX>0</hpbarX>				
		<attackDelay>0.35</attackDelay>				
		<res>				
			<spine>12754</spine>			
			<spine>112633</spine>			
		</res>				
	</item>					
	<item id="26082" idOriginal="16119">					
		<name>胡修</name>				
		<skinId>12755</skinId>				
		<launchZ>50</launchZ>				
		<launchX>30</launchX>				
		<attackProjectileType>1</attackProjectileType>				
		<projectileSkinId>112633</projectileSkinId>				
		<hitZ>45</hitZ>				
		<hpbarZ>48</hpbarZ><hpbarX>0</hpbarX>				
		<attackDelay>0.35</attackDelay>				
		<res>				
			<spine>12755</spine>			
			<spine>112633</spine>			
		</res>				
	</item>					
	<item id="26083" idOriginal="16120">					
		<name>朱然</name>				
		<skinId>12756</skinId>				
		<hitZ>45</hitZ>				
		<hpbarZ>48</hpbarZ><hpbarX>0</hpbarX>				
		<attackDelay>0.35</attackDelay>				
		<res>				
			<spine>12756</spine>			
		</res>				
	</item>					
	<item id="26084" idOriginal="16121">					
		<name>孙权</name>				
		<skinId>12757</skinId>				
		<hitZ>45</hitZ>				
		<hpbarZ>48</hpbarZ><hpbarX>0</hpbarX>				
		<attackDelay>0.35</attackDelay>				
		<res>				
			<spine>12757</spine>			
		</res>				
	</item>					
	<item id="26085" idOriginal="16110">					
		<name>冯习</name>				
		<skinId>12758</skinId>				
		<hitZ>45</hitZ>				
		<hpbarZ>48</hpbarZ><hpbarX>0</hpbarX>				
		<attackDelay>0.35</attackDelay>				
		<res>				
			<spine>12758</spine>			
			<spine>12202</spine>			
		</res>				
	</item>					
	<item id="26086" idOriginal="16111">					
		<name>吴班</name>				
		<skinId>12759</skinId>				
		<hitZ>45</hitZ>				
		<hpbarZ>48</hpbarZ><hpbarX>0</hpbarX>				
		<attackDelay>0.35</attackDelay>				
		<res>				
			<spine>12759</spine>			
		</res>				
	</item>					
	<item id="26087" idOriginal="16109">					
		<name>张南</name>				
		<skinId>12760</skinId>				
		<hitZ>45</hitZ>				
		<hpbarZ>48</hpbarZ><hpbarX>0</hpbarX>				
		<attackDelay>0.35</attackDelay>				
		<res>				
			<spine>12760</spine>			
		</res>				
	</item>					
	<item id="26088" idOriginal="16112">					
		<name>孙桓</name>				
		<skinId>12761</skinId>				
		<launchZ>50</launchZ>				
		<launchX>30</launchX>				
		<attackProjectileType>1</attackProjectileType>				
		<projectileSkinId>112633</projectileSkinId>				
		<hitZ>45</hitZ>				
		<hpbarZ>48</hpbarZ><hpbarX>0</hpbarX>				
		<attackDelay>0.35</attackDelay>				
		<res>				
			<spine>12761</spine>			
			<spine>112633</spine>			
		</res>				
	</item>					
	<item id="26089" idOriginal="16113">					
		<name>骆统</name>				
		<skinId>12762</skinId>				
		<hitZ>45</hitZ>				
		<hpbarZ>48</hpbarZ><hpbarX>0</hpbarX>				
		<attackDelay>0.35</attackDelay>				
		<res>				
			<spine>12762</spine>			
		</res>				
	</item>					
	<item id="26090" idOriginal="16114">					
		<name>周胤</name>				
		<skinId>12763</skinId>				
		<launchZ>50</launchZ>				
		<launchX>30</launchX>				
		<attackProjectileType>1</attackProjectileType>				
		<projectileSkinId>112633</projectileSkinId>				
		<hitZ>45</hitZ>				
		<hpbarZ>48</hpbarZ><hpbarX>0</hpbarX>				
		<attackDelay>0.35</attackDelay>				
		<res>				
			<spine>12763</spine>			
			<spine>112633</spine>			
		</res>				
	</item>					
	<item id="26091" idOriginal="16115">					
		<name>程普</name>				
		<skinId>12764</skinId>				
		<launchZ>50</launchZ>				
		<launchX>30</launchX>				
		<attackProjectileType>1</attackProjectileType>				
		<projectileSkinId>112633</projectileSkinId>				
		<hitZ>45</hitZ>				
		<hpbarZ>48</hpbarZ><hpbarX>0</hpbarX>				
		<attackDelay>0.35</attackDelay>				
		<res>				
			<spine>12764</spine>			
			<spine>112633</spine>			
		</res>				
	</item>					
	<item id="26092" idOriginal="16108">					
		<name>马谡</name>				
		<skinId>12765</skinId>				
		<hitZ>45</hitZ>				
		<hpbarZ>48</hpbarZ><hpbarX>0</hpbarX>				
		<attackDelay>0.35</attackDelay>				
		<res>				
			<spine>12765</spine>			
			<spine>12202</spine>			
		</res>				
	</item>					
	<item id="26093" idOriginal="16104">					
		<name>高定</name>				
		<skinId>12766</skinId>				
		<launchZ>50</launchZ>				
		<launchX>30</launchX>				
		<attackProjectileType>1</attackProjectileType>				
		<projectileSkinId>112633</projectileSkinId>				
		<hitZ>45</hitZ>				
		<hpbarZ>48</hpbarZ><hpbarX>0</hpbarX>				
		<attackDelay>0.35</attackDelay>				
		<res>				
			<spine>12766</spine>			
			<spine>112633</spine>			
		</res>				
	</item>					
	<item id="26094" idOriginal="16106">					
		<name>朱褒</name>				
		<skinId>12767</skinId>				
		<hitZ>45</hitZ>				
		<hpbarZ>48</hpbarZ><hpbarX>0</hpbarX>				
		<attackDelay>0.35</attackDelay>				
		<res>				
			<spine>12767</spine>			
		</res>				
	</item>					
	<item id="26095" idOriginal="16107">					
		<name>孟优</name>				
		<skinId>12768</skinId>				
		<launchZ>50</launchZ>				
		<launchX>30</launchX>				
		<attackProjectileType>1</attackProjectileType>				
		<projectileSkinId>112633</projectileSkinId>				
		<hitZ>45</hitZ>				
		<hpbarZ>48</hpbarZ><hpbarX>0</hpbarX>				
		<attackDelay>0.35</attackDelay>				
		<res>				
			<spine>12768</spine>			
			<spine>112633</spine>			
		</res>				
	</item>					
	<item id="26096" idOriginal="16116">					
		<name>杨锋</name>				
		<skinId>12769</skinId>				
		<hitZ>45</hitZ>				
		<hpbarZ>48</hpbarZ><hpbarX>0</hpbarX>				
		<attackDelay>0.35</attackDelay>				
		<res>				
			<spine>12769</spine>			
		</res>				
	</item>					
	<item id="26097" idOriginal="16117">					
		<name>木鹿大王</name>				
		<skinId>12770</skinId>				
		<hitZ>45</hitZ>				
		<hpbarZ>48</hpbarZ><hpbarX>0</hpbarX>				
		<attackDelay>0.35</attackDelay>				
		<res>				
			<spine>12770</spine>			
		</res>				
	</item>					
	<item id="26098" idOriginal="16103">					
		<name>兀突骨</name>				
		<skinId>12771</skinId>				
		<launchZ>50</launchZ>				
		<launchX>30</launchX>				
		<attackProjectileType>1</attackProjectileType>				
		<projectileSkinId>112633</projectileSkinId>				
		<hitZ>45</hitZ>				
		<hpbarZ>48</hpbarZ><hpbarX>0</hpbarX>				
		<attackDelay>0.35</attackDelay>				
		<res>				
			<spine>12771</spine>			
			<spine>112633</spine>			
		</res>				
	</item>					
	<item id="26099" idOriginal="16118">					
		<name>关索</name>				
		<skinId>12772</skinId>				
		<hitZ>45</hitZ>				
		<hpbarZ>48</hpbarZ><hpbarX>0</hpbarX>				
		<attackDelay>0.35</attackDelay>				
		<res>				
			<spine>12772</spine>			
		</res>				
	</item>					
	<item id="26100" idOriginal="16102">					
		<name>阿会喃</name>				
		<skinId>12773</skinId>				
		<launchZ>50</launchZ>				
		<launchX>30</launchX>				
		<attackProjectileType>1</attackProjectileType>				
		<projectileSkinId>112633</projectileSkinId>				
		<hitZ>45</hitZ>				
		<hpbarZ>48</hpbarZ><hpbarX>0</hpbarX>				
		<attackDelay>0.35</attackDelay>				
		<res>				
			<spine>12773</spine>			
			<spine>112633</spine>			
		</res>				
	</item>					
	<item id="26101" idOriginal="16101">					
		<name>忙牙长</name>				
		<skinId>12774</skinId>				
		<hitZ>45</hitZ>				
		<hpbarZ>48</hpbarZ><hpbarX>0</hpbarX>				
		<attackDelay>0.35</attackDelay>				
		<res>				
			<spine>12774</spine>			
		</res>				
	</item>					
	<item id="26102" idOriginal="16105">					
		<name>带来洞主</name>				
		<skinId>12775</skinId>				
		<launchZ>50</launchZ>				
		<launchX>30</launchX>				
		<attackProjectileType>1</attackProjectileType>				
		<projectileSkinId>112633</projectileSkinId>				
		<hitZ>45</hitZ>				
		<hpbarZ>48</hpbarZ><hpbarX>0</hpbarX>				
		<attackDelay>0.35</attackDelay>				
		<res>				
			<spine>12775</spine>			
			<spine>112633</spine>			
		</res>				
	</item>					
	<item id="26103" idOriginal="16119">					
		<name>金环三结</name>				
		<skinId>12776</skinId>				
		<launchZ>50</launchZ>				
		<launchX>30</launchX>				
		<attackProjectileType>1</attackProjectileType>				
		<projectileSkinId>112633</projectileSkinId>				
		<hitZ>45</hitZ>				
		<hpbarZ>48</hpbarZ><hpbarX>0</hpbarX>				
		<attackDelay>0.35</attackDelay>				
		<res>				
			<spine>12776</spine>			
			<spine>112633</spine>			
		</res>				
	</item>					
	<item id="26104" idOriginal="16120">					
		<name>朵思大王</name>				
		<skinId>12777</skinId>				
		<hitZ>45</hitZ>				
		<hpbarZ>48</hpbarZ><hpbarX>0</hpbarX>				
		<attackDelay>0.35</attackDelay>				
		<res>				
			<spine>12777</spine>			
		</res>				
	</item>					
	<item id="26105" idOriginal="16121">					
		<name>董荼那</name>				
		<skinId>12778</skinId>				
		<hitZ>45</hitZ>				
		<hpbarZ>48</hpbarZ><hpbarX>0</hpbarX>				
		<attackDelay>0.35</attackDelay>				
		<res>				
			<spine>12778</spine>			
		</res>				
	</item>					
	<item id="26106" idOriginal="16110">					
		<name>花鬘</name>				
		<skinId>12779</skinId>				
		<hitZ>45</hitZ>				
		<hpbarZ>48</hpbarZ><hpbarX>0</hpbarX>				
		<attackDelay>0.35</attackDelay>				
		<res>				
			<spine>12779</spine>			
			<spine>12202</spine>			
		</res>				
	</item>					
	<item id="26107" idOriginal="16111">					
		<name>雍闿</name>				
		<skinId>12780</skinId>				
		<hitZ>45</hitZ>				
		<hpbarZ>48</hpbarZ><hpbarX>0</hpbarX>				
		<attackDelay>0.35</attackDelay>				
		<res>				
			<spine>12780</spine>			
		</res>				
	</item>					
	<item id="26108" idOriginal="16109">					
		<name>李恢</name>				
		<skinId>12781</skinId>				
		<hitZ>45</hitZ>				
		<hpbarZ>48</hpbarZ><hpbarX>0</hpbarX>				
		<attackDelay>0.35</attackDelay>				
		<res>				
			<spine>12781</spine>			
		</res>				
	</item>					
	<item id="26109" idOriginal="16112">					
		<name>吕凯</name>				
		<skinId>12782</skinId>				
		<launchZ>50</launchZ>				
		<launchX>30</launchX>				
		<attackProjectileType>1</attackProjectileType>				
		<projectileSkinId>112633</projectileSkinId>				
		<hitZ>45</hitZ>				
		<hpbarZ>48</hpbarZ><hpbarX>0</hpbarX>				
		<attackDelay>0.35</attackDelay>				
		<res>				
			<spine>12782</spine>			
			<spine>112633</spine>			
		</res>				
	</item>					
	<item id="26110" idOriginal="16113">					
		<name>爨习</name>				
		<skinId>12783</skinId>				
		<hitZ>45</hitZ>				
		<hpbarZ>48</hpbarZ><hpbarX>0</hpbarX>				
		<attackDelay>0.35</attackDelay>				
		<res>				
			<spine>12783</spine>			
		</res>				
	</item>					
	<item id="26111" idOriginal="16114">					
		<name>孟琰</name>				
		<skinId>12784</skinId>				
		<launchZ>50</launchZ>				
		<launchX>30</launchX>				
		<attackProjectileType>1</attackProjectileType>				
		<projectileSkinId>112633</projectileSkinId>				
		<hitZ>45</hitZ>				
		<hpbarZ>48</hpbarZ><hpbarX>0</hpbarX>				
		<attackDelay>0.35</attackDelay>				
		<res>				
			<spine>12784</spine>			
			<spine>112633</spine>			
		</res>				
	</item>					
	<item id="26112" idOriginal="16115">					
		<name>马忠</name>				
		<skinId>12785</skinId>				
		<launchZ>50</launchZ>				
		<launchX>30</launchX>				
		<attackProjectileType>1</attackProjectileType>				
		<projectileSkinId>112633</projectileSkinId>				
		<hitZ>45</hitZ>				
		<hpbarZ>48</hpbarZ><hpbarX>0</hpbarX>				
		<attackDelay>0.35</attackDelay>				
		<res>				
			<spine>12785</spine>			
			<spine>112633</spine>			
		</res>				
	</item>					
	<item id="26113" idOriginal="16108">					
		<name>王伉</name>				
		<skinId>12786</skinId>				
		<hitZ>45</hitZ>				
		<hpbarZ>48</hpbarZ><hpbarX>0</hpbarX>				
		<attackDelay>0.35</attackDelay>				
		<res>				
			<spine>12786</spine>			
			<spine>12202</spine>			
		</res>				
	</item>					
	<item id="26114" idOriginal="16104">					
		<name>甄宓</name>				
		<skinId>12787</skinId>				
		<launchZ>50</launchZ>				
		<launchX>30</launchX>				
		<attackProjectileType>1</attackProjectileType>				
		<projectileSkinId>112633</projectileSkinId>				
		<hitZ>45</hitZ>				
		<hpbarZ>48</hpbarZ><hpbarX>0</hpbarX>				
		<attackDelay>0.35</attackDelay>				
		<res>				
			<spine>12787</spine>			
			<spine>112633</spine>			
		</res>				
	</item>					
	<item id="26115" idOriginal="16106">					
		<name>司马懿</name>				
		<skinId>12788</skinId>				
		<hitZ>45</hitZ>				
		<hpbarZ>48</hpbarZ><hpbarX>0</hpbarX>				
		<attackDelay>0.35</attackDelay>				
		<res>				
			<spine>12788</spine>			
		</res>				
	</item>					
	<item id="26116" idOriginal="16107">					
		<name>向宠</name>				
		<skinId>12789</skinId>				
		<launchZ>50</launchZ>				
		<launchX>30</launchX>				
		<attackProjectileType>1</attackProjectileType>				
		<projectileSkinId>112633</projectileSkinId>				
		<hitZ>45</hitZ>				
		<hpbarZ>48</hpbarZ><hpbarX>0</hpbarX>				
		<attackDelay>0.35</attackDelay>				
		<res>				
			<spine>12789</spine>			
			<spine>112633</spine>			
		</res>				
	</item>					
	<item id="26117" idOriginal="16116">					
		<name>邓芝</name>				
		<skinId>12790</skinId>				
		<hitZ>45</hitZ>				
		<hpbarZ>48</hpbarZ><hpbarX>0</hpbarX>				
		<attackDelay>0.35</attackDelay>				
		<res>				
			<spine>12790</spine>			
		</res>				
	</item>					
	<item id="26118" idOriginal="16117">					
		<name>曹真</name>				
		<skinId>12791</skinId>				
		<hitZ>45</hitZ>				
		<hpbarZ>48</hpbarZ><hpbarX>0</hpbarX>				
		<attackDelay>0.35</attackDelay>				
		<res>				
			<spine>12791</spine>			
		</res>				
	</item>					
	<item id="26119" idOriginal="16103">					
		<name>王双</name>				
		<skinId>12792</skinId>				
		<launchZ>50</launchZ>				
		<launchX>30</launchX>				
		<attackProjectileType>1</attackProjectileType>				
		<projectileSkinId>112633</projectileSkinId>				
		<hitZ>45</hitZ>				
		<hpbarZ>48</hpbarZ><hpbarX>0</hpbarX>				
		<attackDelay>0.35</attackDelay>				
		<res>				
			<spine>12792</spine>			
			<spine>112633</spine>			
		</res>				
	</item>					
	<item id="26120" idOriginal="16118">					
		<name>魏延</name>				
		<skinId>12793</skinId>				
		<hitZ>45</hitZ>				
		<hpbarZ>48</hpbarZ><hpbarX>0</hpbarX>				
		<attackDelay>0.35</attackDelay>				
		<res>				
			<spine>12793</spine>			
		</res>				
	</item>					
	<item id="26121" idOriginal="16102">					
		<name>全琮</name>				
		<skinId>12794</skinId>				
		<launchZ>50</launchZ>				
		<launchX>30</launchX>				
		<attackProjectileType>1</attackProjectileType>				
		<projectileSkinId>112633</projectileSkinId>				
		<hitZ>45</hitZ>				
		<hpbarZ>48</hpbarZ><hpbarX>0</hpbarX>				
		<attackDelay>0.35</attackDelay>				
		<res>				
			<spine>12794</spine>			
			<spine>112633</spine>			
		</res>				
	</item>					
	<item id="26122" idOriginal="16101">					
		<name>诸葛恪</name>				
		<skinId>12795</skinId>				
		<hitZ>45</hitZ>				
		<hpbarZ>48</hpbarZ><hpbarX>0</hpbarX>				
		<attackDelay>0.35</attackDelay>				
		<res>				
			<spine>12795</spine>			
		</res>				
	</item>					
	<item id="26123" idOriginal="16105">					
		<name>黄盖</name>				
		<skinId>12796</skinId>				
		<launchZ>50</launchZ>				
		<launchX>30</launchX>				
		<attackProjectileType>1</attackProjectileType>				
		<projectileSkinId>112633</projectileSkinId>				
		<hitZ>45</hitZ>				
		<hpbarZ>48</hpbarZ><hpbarX>0</hpbarX>				
		<attackDelay>0.35</attackDelay>				
		<res>				
			<spine>12796</spine>			
			<spine>112633</spine>			
		</res>				
	</item>					
	<item id="26124" idOriginal="16119">					
		<name>陆抗</name>				
		<skinId>12797</skinId>				
		<launchZ>50</launchZ>				
		<launchX>30</launchX>				
		<attackProjectileType>1</attackProjectileType>				
		<projectileSkinId>112633</projectileSkinId>				
		<hitZ>45</hitZ>				
		<hpbarZ>48</hpbarZ><hpbarX>0</hpbarX>				
		<attackDelay>0.35</attackDelay>				
		<res>				
			<spine>12797</spine>			
			<spine>112633</spine>			
		</res>				
	</item>					
	<item id="26125" idOriginal="16120">					
		<name>陆景</name>				
		<skinId>12798</skinId>				
		<hitZ>45</hitZ>				
		<hpbarZ>48</hpbarZ><hpbarX>0</hpbarX>				
		<attackDelay>0.35</attackDelay>				
		<res>				
			<spine>12798</spine>			
		</res>				
	</item>					
	<item id="26126" idOriginal="16121">					
		<name>丁奉</name>				
		<skinId>12799</skinId>				
		<hitZ>45</hitZ>				
		<hpbarZ>48</hpbarZ><hpbarX>0</hpbarX>				
		<attackDelay>0.35</attackDelay>				
		<res>				
			<spine>12799</spine>			
		</res>				
	</item>					
	<item id="26127" idOriginal="16110">					
		<name>孙韶</name>				
		<skinId>12800</skinId>				
		<hitZ>45</hitZ>				
		<hpbarZ>48</hpbarZ><hpbarX>0</hpbarX>				
		<attackDelay>0.35</attackDelay>				
		<res>				
			<spine>12800</spine>			
			<spine>12202</spine>			
		</res>				
	</item>					
	<item id="26128" idOriginal="16111">					
		<name>曹丕</name>				
		<skinId>12801</skinId>				
		<hitZ>45</hitZ>				
		<hpbarZ>48</hpbarZ><hpbarX>0</hpbarX>				
		<attackDelay>0.35</attackDelay>				
		<res>				
			<spine>12801</spine>			
		</res>				
	</item>					
	<item id="26129" idOriginal="16109">					
		<name>司马炎</name>				
		<skinId>12802</skinId>				
		<hitZ>45</hitZ>				
		<hpbarZ>48</hpbarZ><hpbarX>0</hpbarX>				
		<attackDelay>0.35</attackDelay>				
		<res>				
			<spine>12802</spine>			
		</res>				
	</item>					
	<item id="26130" idOriginal="16112">					
		<name>司马昭</name>				
		<skinId>12803</skinId>				
		<launchZ>50</launchZ>				
		<launchX>30</launchX>				
		<attackProjectileType>1</attackProjectileType>				
		<projectileSkinId>112633</projectileSkinId>				
		<hitZ>45</hitZ>				
		<hpbarZ>48</hpbarZ><hpbarX>0</hpbarX>				
		<attackDelay>0.35</attackDelay>				
		<res>				
			<spine>12803</spine>			
			<spine>112633</spine>			
		</res>				
	</item>					
	<item id="26131" idOriginal="16113">					
		<name>曹奂</name>				
		<skinId>12804</skinId>				
		<hitZ>45</hitZ>				
		<hpbarZ>48</hpbarZ><hpbarX>0</hpbarX>				
		<attackDelay>0.35</attackDelay>				
		<res>				
			<spine>12804</spine>			
		</res>				
	</item>					
	<item id="26132" idOriginal="16114">					
		<name>邓艾</name>				
		<skinId>12805</skinId>				
		<launchZ>50</launchZ>				
		<launchX>30</launchX>				
		<attackProjectileType>1</attackProjectileType>				
		<projectileSkinId>112633</projectileSkinId>				
		<hitZ>45</hitZ>				
		<hpbarZ>48</hpbarZ><hpbarX>0</hpbarX>				
		<attackDelay>0.35</attackDelay>				
		<res>				
			<spine>12805</spine>			
			<spine>112633</spine>			
		</res>				
	</item>					
	<item id="26133" idOriginal="16115">					
		<name>孙皓</name>				
		<skinId>12806</skinId>				
		<launchZ>50</launchZ>				
		<launchX>30</launchX>				
		<attackProjectileType>1</attackProjectileType>				
		<projectileSkinId>112633</projectileSkinId>				
		<hitZ>45</hitZ>				
		<hpbarZ>48</hpbarZ><hpbarX>0</hpbarX>				
		<attackDelay>0.35</attackDelay>				
		<res>				
			<spine>12806</spine>			
			<spine>112633</spine>			
		</res>				
	</item>					
	<item id="26134" idOriginal="16108">					
		<name>黄月英</name>				
		<skinId>12807</skinId>				
		<hitZ>45</hitZ>				
		<hpbarZ>48</hpbarZ><hpbarX>0</hpbarX>				
		<attackDelay>0.35</attackDelay>				
		<res>				
			<spine>12807</spine>			
			<spine>12202</spine>			
		</res>				
	</item>					
	<item id="26135" idOriginal="16104">					
		<name>姜维</name>				
		<skinId>12808</skinId>				
		<launchZ>50</launchZ>				
		<launchX>30</launchX>				
		<attackProjectileType>1</attackProjectileType>				
		<projectileSkinId>112633</projectileSkinId>				
		<hitZ>45</hitZ>				
		<hpbarZ>48</hpbarZ><hpbarX>0</hpbarX>				
		<attackDelay>0.35</attackDelay>				
		<res>				
			<spine>12808</spine>			
			<spine>112633</spine>			
		</res>				
	</item>					
	<item id="26136" idOriginal="16106">					
		<name>徐庶</name>				
		<skinId>12809</skinId>				
		<hitZ>45</hitZ>				
		<hpbarZ>48</hpbarZ><hpbarX>0</hpbarX>				
		<attackDelay>0.35</attackDelay>				
		<res>				
			<spine>12809</spine>			
		</res>				
	</item>					
	<item id="27001" idOriginal="16209">					
		<name>黄巾步兵</name>				
		<skinId>12327</skinId>				
		<launchZ>50</launchZ>				
		<launchX>30</launchX>				
		<attackProjectileType>1</attackProjectileType>				
		<projectileSkinId>112633</projectileSkinId>				
		<hitZ>45</hitZ>				
		<hpbarZ>48</hpbarZ><hpbarX>0</hpbarX>				
		<attackDelay>0.35</attackDelay>				
		<res>				
			<spine>12327</spine>			
			<spine>112633</spine>			
		</res>				
	</item>					
	<item id="27002" idOriginal="16210">					
		<name>黄巾弓兵</name>				
		<skinId>12328</skinId>				
		<launchZ>50</launchZ>				
		<launchX>30</launchX>				
		<attackProjectileType>1</attackProjectileType>				
		<projectileSkinId>112633</projectileSkinId>				
		<hitZ>38</hitZ>				
		<hpbarZ>41</hpbarZ><hpbarX>0</hpbarX>				
		<attackDelay>0.5</attackDelay>				
		<res>				
			<spine>12328</spine>			
			<spine>112633</spine>			
		</res>				
	</item>					
	<item id="27003" idOriginal="16212">					
		<name>黄巾法师</name>				
		<skinId>12329</skinId>				
		<launchZ>54</launchZ>				
		<launchX>33</launchX>				
		<attackProjectileType>1</attackProjectileType>				
		<projectileSkinId>15003</projectileSkinId>				
		<hitZ>45</hitZ>				
		<hpbarZ>48</hpbarZ><hpbarX>0</hpbarX>				
		<attackDelay>0.5</attackDelay>				
		<res>				
			<spine>12329</spine>		
			<spine>15003</spine>				
		</res>				
	</item>					
	<item id="27004" idOriginal="16213">					
		<name>黄巾枪兵</name>				
		<skinId>12330</skinId>				
		<hitZ>45</hitZ>				
		<hpbarZ>48</hpbarZ><hpbarX>0</hpbarX>				
		<attackDelay>0.35</attackDelay>				
		<res>				
			<spine>12330</spine>			
		</res>				
	</item>					
	<item id="27005" idOriginal="16211">					
		<name>黄巾骑兵</name>				
		<skinId>12331</skinId>				
		<hitZ>45</hitZ>				
		<hpbarZ>53</hpbarZ><hpbarX>0</hpbarX>				
		<attackDelay>0.5</attackDelay>				
		<res>				
			<spine>12331</spine>			
		</res>				
	</item>					
	<item id="27006" idOriginal="16209">					
		<name>魏军步兵</name>				
		<skinId>12332</skinId>				
		<hitZ>59</hitZ>				
		<hpbarZ>63</hpbarZ><hpbarX>0</hpbarX>				
		<attackDelay>0.35</attackDelay>				
		<res>				
			<spine>12332</spine>			
		</res>				
	</item>					
	<item id="27007" idOriginal="16210">					
		<name>魏军弓兵</name>				
		<skinId>12333</skinId>				
		<launchZ>50</launchZ>				
		<launchX>30</launchX>				
		<attackProjectileType>1</attackProjectileType>				
		<projectileSkinId>112633</projectileSkinId>				
		<hitZ>38</hitZ>				
		<hpbarZ>41</hpbarZ><hpbarX>0</hpbarX>				
		<attackDelay>0.5</attackDelay>				
		<res>				
			<spine>12333</spine>			
			<spine>112633</spine>			
		</res>				
	</item>					
	<item id="27008" idOriginal="16212">					
		<name>魏军法师</name>				
		<skinId>12334</skinId>				
		<launchZ>54</launchZ>				
		<launchX>33</launchX>				
		<attackProjectileType>1</attackProjectileType>				
		<projectileSkinId>15003</projectileSkinId>				
		<hitZ>45</hitZ>				
		<hpbarZ>52</hpbarZ><hpbarX>0</hpbarX>				
		<attackDelay>0.5</attackDelay>				
		<res>				
			<spine>12334</spine>			
			<spine>15003</spine>			
		</res>				
	</item>					
	<item id="27009" idOriginal="16213">					
		<name>魏军枪兵</name>				
		<skinId>12335</skinId>				
		<hitZ>45</hitZ>				
		<hpbarZ>48</hpbarZ><hpbarX>0</hpbarX>				
		<attackDelay>0.35</attackDelay>				
		<res>				
			<spine>12335</spine>			
		</res>				
	</item>					
	<item id="27010" idOriginal="16211">					
		<name>魏军骑兵</name>				
		<skinId>12336</skinId>				
		<hitZ>45</hitZ>				
		<hpbarZ>51</hpbarZ><hpbarX>0</hpbarX>				
		<attackDelay>0.5</attackDelay>				
		<res>				
			<spine>12336</spine>			
		</res>				
	</item>					
	<item id="27011" idOriginal="16209">					
		<name>西凉步兵</name>				
		<skinId>12337</skinId>				
		<hitZ>56</hitZ>				
		<hpbarZ>60</hpbarZ><hpbarX>0</hpbarX>				
		<attackDelay>0.35</attackDelay>				
		<res>				
			<spine>12337</spine>			
		</res>				
	</item>					
	<item id="27012" idOriginal="16210">					
		<name>西凉弓兵</name>				
		<skinId>12338</skinId>				
		<launchZ>50</launchZ>				
		<launchX>30</launchX>				
		<attackProjectileType>1</attackProjectileType>				
		<projectileSkinId>112633</projectileSkinId>				
		<hitZ>37</hitZ>				
		<hpbarZ>41</hpbarZ><hpbarX>0</hpbarX>				
		<attackDelay>0.5</attackDelay>				
		<res>				
			<spine>12338</spine>			
			<spine>112633</spine>			
		</res>				
	</item>					
	<item id="27013" idOriginal="16212">					
		<name>西凉法师</name>				
		<skinId>12339</skinId>				
		<launchZ>54</launchZ>				
		<launchX>33</launchX>				
		<attackProjectileType>1</attackProjectileType>				
		<projectileSkinId>15003</projectileSkinId>				
		<hitZ>45</hitZ>				
		<hpbarZ>52</hpbarZ><hpbarX>0</hpbarX>				
		<attackDelay>0.5</attackDelay>				
		<res>				
			<spine>12339</spine>			
			<spine>15003</spine>			
		</res>				
	</item>					
	<item id="27014" idOriginal="16213">					
		<name>西凉枪兵</name>				
		<skinId>12340</skinId>				
		<hitZ>45</hitZ>				
		<hpbarZ>48</hpbarZ><hpbarX>0</hpbarX>				
		<attackDelay>0.35</attackDelay>				
		<res>				
			<spine>12340</spine>			
		</res>				
	</item>					
	<item id="27015" idOriginal="16211">					
		<name>西凉铁骑</name>				
		<skinId>12341</skinId>				
		<hitZ>47</hitZ>				
		<hpbarZ>49</hpbarZ><hpbarX>0</hpbarX>				
		<attackDelay>0.5</attackDelay>				
		<res>				
			<spine>12341</spine>			
		</res>				
	</item>					
	<item id="27016" idOriginal="16209">					
		<name>蜀军步兵</name>				
		<skinId>12342</skinId>				
		<hitZ>59</hitZ>				
		<hpbarZ>65</hpbarZ><hpbarX>0</hpbarX>				
		<attackDelay>0.35</attackDelay>				
		<res>				
			<spine>12342</spine>			
		</res>				
	</item>					
	<item id="27017" idOriginal="16210">					
		<name>蜀军弓兵</name>				
		<skinId>12343</skinId>				
		<launchZ>50</launchZ>				
		<launchX>30</launchX>				
		<attackProjectileType>1</attackProjectileType>				
		<projectileSkinId>112633</projectileSkinId>				
		<hitZ>40</hitZ>				
		<hpbarZ>39</hpbarZ><hpbarX>0</hpbarX>				
		<attackDelay>0.5</attackDelay>				
		<res>				
			<spine>12343</spine>			
			<spine>112633</spine>			
		</res>				
	</item>					
	<item id="27018" idOriginal="16212">					
		<name>蜀军法师</name>				
		<skinId>12344</skinId>				
		<launchZ>54</launchZ>				
		<launchX>33</launchX>				
		<attackProjectileType>1</attackProjectileType>				
		<projectileSkinId>15003</projectileSkinId>				
		<hitZ>45</hitZ>				
		<hpbarZ>51</hpbarZ><hpbarX>0</hpbarX>				
		<attackDelay>0.5</attackDelay>				
		<res>				
			<spine>12344</spine>			
			<spine>15003</spine>			
		</res>				
	</item>					
	<item id="27019" idOriginal="16213">					
		<name>蜀军枪兵</name>				
		<skinId>12345</skinId>				
		<hitZ>45</hitZ>				
		<hpbarZ>48</hpbarZ><hpbarX>0</hpbarX>				
		<attackDelay>0.35</attackDelay>				
		<res>				
			<spine>12345</spine>			
		</res>				
	</item>					
	<item id="27020" idOriginal="16211">					
		<name>蜀军骑兵</name>				
		<skinId>12346</skinId>				
		<hitZ>45</hitZ>				
		<hpbarZ>52</hpbarZ><hpbarX>0</hpbarX>				
		<attackDelay>0.5</attackDelay>				
		<res>				
			<spine>12346</spine>			
		</res>				
	</item>					
	<item id="27021" idOriginal="16209">					
		<name>吴军步兵</name>				
		<skinId>12347</skinId>				
		<hitZ>55</hitZ>				
		<hpbarZ>60</hpbarZ><hpbarX>0</hpbarX>				
		<attackDelay>0.35</attackDelay>				
		<res>				
			<spine>12347</spine>			
		</res>				
	</item>					
	<item id="27022" idOriginal="16210">					
		<name>吴军弓兵</name>				
		<skinId>12348</skinId>				
		<launchZ>50</launchZ>				
		<launchX>30</launchX>				
		<attackProjectileType>1</attackProjectileType>				
		<projectileSkinId>112633</projectileSkinId>				
		<hitZ>39</hitZ>				
		<hpbarZ>38</hpbarZ><hpbarX>0</hpbarX>				
		<attackDelay>0.5</attackDelay>				
		<res>				
			<spine>12348</spine>			
			<spine>112633</spine>			
		</res>				
	</item>					
	<item id="27023" idOriginal="16212">					
		<name>吴军法师</name>				
		<skinId>12349</skinId>				
		<launchZ>54</launchZ>				
		<launchX>33</launchX>				
		<attackProjectileType>1</attackProjectileType>				
		<projectileSkinId>15003</projectileSkinId>				
		<hitZ>45</hitZ>				
		<hpbarZ>51</hpbarZ><hpbarX>0</hpbarX>				
		<attackDelay>0.5</attackDelay>				
		<res>				
			<spine>12349</spine>			
			<spine>15003</spine>			
		</res>				
	</item>					
	<item id="27024" idOriginal="16213">					
		<name>吴军枪兵</name>				
		<skinId>12350</skinId>				
		<hitZ>45</hitZ>				
		<hpbarZ>48</hpbarZ><hpbarX>0</hpbarX>				
		<attackDelay>0.35</attackDelay>				
		<res>				
			<spine>12350</spine>			
		</res>				
	</item>					
	<item id="27025" idOriginal="16211">					
		<name>吴军骑兵</name>				
		<skinId>12351</skinId>				
		<hitZ>45</hitZ>				
		<hpbarZ>49</hpbarZ><hpbarX>0</hpbarX>				
		<attackDelay>0.5</attackDelay>				
		<res>				
			<spine>12351</spine>			
		</res>				
	</item>					
	<item id="27026" idOriginal="16209">					
		<name>虎豹骑A</name>				
		<skinId>12352</skinId>				
		<hitZ>56</hitZ>				
		<hpbarZ>59</hpbarZ><hpbarX>0</hpbarX>				
		<attackDelay>0.35</attackDelay>				
		<res>				
			<spine>12352</spine>			
		</res>				
	</item>					
	<item id="27027" idOriginal="16210">					
		<name>虎豹骑B</name>				
		<skinId>12353</skinId>				
		<launchZ>50</launchZ>				
		<launchX>30</launchX>				
		<attackProjectileType>1</attackProjectileType>				
		<projectileSkinId>112633</projectileSkinId>				
		<hitZ>45</hitZ>				
		<hpbarZ>48</hpbarZ><hpbarX>0</hpbarX>				
		<attackDelay>0.35</attackDelay>				
		<res>				
			<spine>12353</spine>			
			<spine>112633</spine>			
		</res>				
	</item>					
	<item id="27028" idOriginal="16212">					
		<name>虎豹骑C</name>				
		<skinId>12354</skinId>				
		<launchZ>50</launchZ>				
		<launchX>30</launchX>				
		<attackProjectileType>1</attackProjectileType>				
		<projectileSkinId>15003</projectileSkinId>				
		<hitZ>45</hitZ>				
		<hpbarZ>48</hpbarZ><hpbarX>0</hpbarX>				
		<attackDelay>0.35</attackDelay>				
		<res>				
			<spine>12354</spine>			
			<spine>15003</spine>			
		</res>				
	</item>					
	<item id="27029" idOriginal="16213">					
		<name>虎豹骑D</name>				
		<skinId>12355</skinId>				
		<hitZ>45</hitZ>				
		<hpbarZ>48</hpbarZ><hpbarX>0</hpbarX>				
		<attackDelay>0.35</attackDelay>				
		<res>				
			<spine>12355</spine>			
		</res>				
	</item>					
	<item id="27030" idOriginal="16211">					
		<name>虎豹骑E</name>				
		<skinId>12356</skinId>				
		<hitZ>45</hitZ>				
		<hpbarZ>48</hpbarZ><hpbarX>0</hpbarX>				
		<attackDelay>0.35</attackDelay>				
		<res>				
			<spine>12356</spine>			
		</res>				
	</item>					
	<item id="27031" idOriginal="16209">					
		<name>吴军精锐A</name>				
		<skinId>12357</skinId>				
		<hitZ>45</hitZ>				
		<hpbarZ>48</hpbarZ><hpbarX>0</hpbarX>				
		<attackDelay>0.35</attackDelay>				
		<res>				
			<spine>12357</spine>			
		</res>				
	</item>					
	<item id="27032" idOriginal="16210">					
		<name>吴军精锐B</name>				
		<skinId>12358</skinId>				
		<launchZ>50</launchZ>				
		<launchX>30</launchX>				
		<attackProjectileType>1</attackProjectileType>				
		<projectileSkinId>112633</projectileSkinId>				
		<hitZ>45</hitZ>				
		<hpbarZ>48</hpbarZ><hpbarX>0</hpbarX>				
		<attackDelay>0.35</attackDelay>				
		<res>				
			<spine>12358</spine>			
			<spine>112633</spine>			
		</res>				
	</item>					
	<item id="27033" idOriginal="16212">					
		<name>吴军精锐C</name>				
		<skinId>12359</skinId>				
		<launchZ>50</launchZ>				
		<launchX>30</launchX>				
		<attackProjectileType>1</attackProjectileType>				
		<projectileSkinId>15003</projectileSkinId>				
		<hitZ>45</hitZ>				
		<hpbarZ>48</hpbarZ><hpbarX>0</hpbarX>				
		<attackDelay>0.35</attackDelay>				
		<res>				
			<spine>12359</spine>			
			<spine>15003</spine>			
		</res>				
	</item>					
	<item id="27034" idOriginal="16213">					
		<name>吴军精锐D</name>				
		<skinId>12360</skinId>				
		<hitZ>45</hitZ>				
		<hpbarZ>48</hpbarZ><hpbarX>0</hpbarX>				
		<attackDelay>0.35</attackDelay>				
		<res>				
			<spine>12360</spine>			
		</res>				
	</item>					
	<item id="27035" idOriginal="16211">					
		<name>吴军精锐E</name>				
		<skinId>12361</skinId>				
		<hitZ>45</hitZ>				
		<hpbarZ>48</hpbarZ><hpbarX>0</hpbarX>				
		<attackDelay>0.35</attackDelay>				
		<res>				
			<spine>12361</spine>			
		</res>				
	</item>					
	<item id="27036" idOriginal="16209">					
		<name>蛮兵A</name>				
		<skinId>12362</skinId>				
		<hitZ>45</hitZ>				
		<hpbarZ>48</hpbarZ><hpbarX>0</hpbarX>				
		<attackDelay>0.35</attackDelay>				
		<res>				
			<spine>12362</spine>			
		</res>				
	</item>					
	<item id="27037" idOriginal="16210">					
		<name>蛮兵B</name>				
		<skinId>12363</skinId>				
		<launchZ>50</launchZ>				
		<launchX>30</launchX>				
		<attackProjectileType>1</attackProjectileType>				
		<projectileSkinId>112633</projectileSkinId>				
		<hitZ>45</hitZ>				
		<hpbarZ>48</hpbarZ><hpbarX>0</hpbarX>				
		<attackDelay>0.35</attackDelay>				
		<res>				
			<spine>12363</spine>			
			<spine>112633</spine>			
		</res>				
	</item>					
	<item id="27038" idOriginal="16212">					
		<name>蛮兵C</name>				
		<skinId>12364</skinId>				
		<launchZ>50</launchZ>				
		<launchX>30</launchX>				
		<attackProjectileType>1</attackProjectileType>				
		<projectileSkinId>15003</projectileSkinId>				
		<hitZ>45</hitZ>				
		<hpbarZ>48</hpbarZ><hpbarX>0</hpbarX>				
		<attackDelay>0.35</attackDelay>				
		<res>				
			<spine>12364</spine>			
			<spine>15003</spine>			
		</res>				
	</item>					
	<item id="27039" idOriginal="16213">					
		<name>蛮兵D</name>				
		<skinId>12365</skinId>				
		<hitZ>45</hitZ>				
		<hpbarZ>48</hpbarZ><hpbarX>0</hpbarX>				
		<attackDelay>0.35</attackDelay>				
		<res>				
			<spine>12365</spine>			
		</res>				
	</item>					
	<item id="27040" idOriginal="16211">					
		<name>蛮兵E</name>				
		<skinId>12366</skinId>				
		<hitZ>45</hitZ>				
		<hpbarZ>48</hpbarZ><hpbarX>0</hpbarX>				
		<attackDelay>0.35</attackDelay>				
		<res>				
			<spine>12366</spine>			
		</res>				
	</item>					
	<item id="27041" idOriginal="16209">					
		<name>蜀军精锐A</name>				
		<skinId>12367</skinId>				
		<hitZ>45</hitZ>				
		<hpbarZ>48</hpbarZ><hpbarX>0</hpbarX>				
		<attackDelay>0.35</attackDelay>				
		<res>				
			<spine>12367</spine>			
		</res>				
	</item>					
	<item id="27042" idOriginal="16210">					
		<name>蜀军精锐B</name>				
		<skinId>12368</skinId>				
		<launchZ>50</launchZ>				
		<launchX>30</launchX>				
		<attackProjectileType>1</attackProjectileType>				
		<projectileSkinId>112633</projectileSkinId>				
		<hitZ>45</hitZ>				
		<hpbarZ>48</hpbarZ><hpbarX>0</hpbarX>				
		<attackDelay>0.35</attackDelay>				
		<res>				
			<spine>12368</spine>			
			<spine>112633</spine>			
		</res>				
	</item>					
	<item id="27043" idOriginal="16212">					
		<name>蜀军精锐C</name>				
		<skinId>12369</skinId>				
		<launchZ>50</launchZ>				
		<launchX>30</launchX>				
		<attackProjectileType>1</attackProjectileType>				
		<projectileSkinId>15003</projectileSkinId>				
		<hitZ>45</hitZ>				
		<hpbarZ>48</hpbarZ><hpbarX>0</hpbarX>				
		<attackDelay>0.35</attackDelay>				
		<res>				
			<spine>12369</spine>			
			<spine>15003</spine>			
		</res>				
	</item>					
	<item id="27044" idOriginal="16213">					
		<name>蜀军精锐D</name>				
		<skinId>12370</skinId>				
		<hitZ>45</hitZ>				
		<hpbarZ>48</hpbarZ><hpbarX>0</hpbarX>				
		<attackDelay>0.35</attackDelay>				
		<res>				
			<spine>12370</spine>			
		</res>				
	</item>					
	<item id="27045" idOriginal="16211">					
		<name>蜀军精锐E</name>				
		<skinId>12371</skinId>				
		<hitZ>45</hitZ>				
		<hpbarZ>48</hpbarZ><hpbarX>0</hpbarX>				
		<attackDelay>0.35</attackDelay>				
		<res>				
			<spine>12371</spine>			
		</res>				
	</item>					
	<item id="27046" idOriginal="16209">					
		<name>山贼步兵</name>				
		<skinId>12372</skinId>				
		<hitZ>45</hitZ>				
		<hpbarZ>48</hpbarZ><hpbarX>0</hpbarX>				
		<attackDelay>0.35</attackDelay>				
		<res>				
			<spine>12372</spine>			
		</res>				
	</item>					
	<item id="27047" idOriginal="16210">					
		<name>山贼弓兵</name>				
		<hp>50</hp>				
		<skinId>12328</skinId>				
		<launchZ>50</launchZ>				
		<launchX>30</launchX>				
		<attackProjectileType>1</attackProjectileType>				
		<projectileSkinId>112633</projectileSkinId>				
		<hitZ>38</hitZ>				
		<hpbarZ>41</hpbarZ><hpbarX>0</hpbarX>				
		<attackDelay>0.5</attackDelay>				
		<res>				
			<spine>12328</spine>			
			<spine>112633</spine>			
		</res>				
	</item>					
	<item id="27048" idOriginal="16212">					
		<name>山贼法师</name>				
		<hp>50</hp>				
		<skinId>12329</skinId>				
		<launchZ>54</launchZ>				
		<launchX>33</launchX>				
		<attackProjectileType>1</attackProjectileType>				
		<projectileSkinId>15003</projectileSkinId>				
		<hitZ>45</hitZ>				
		<hpbarZ>48</hpbarZ><hpbarX>0</hpbarX>				
		<attackDelay>0.5</attackDelay>				
		<res>				
			<spine>12329</spine>			
			<spine>15003</spine>			
		</res>				
	</item>					
	<item id="27049" idOriginal="16213">					
		<name>山贼枪兵</name>				
		<hp>50</hp>				
		<skinId>12330</skinId>				
		<hitZ>45</hitZ>				
		<hpbarZ>48</hpbarZ><hpbarX>0</hpbarX>				
		<attackDelay>0.35</attackDelay>				
		<res>				
			<spine>12330</spine>			
		</res>				
	</item>					
	<item id="27050" idOriginal="16211">					
		<name>山贼骑兵</name>				
		<hp>50</hp>				
		<skinId>12331</skinId>				
		<hitZ>45</hitZ>				
		<hpbarZ>53</hpbarZ><hpbarX>0</hpbarX>				
		<attackDelay>0.5</attackDelay>				
		<res>				
			<spine>12331</spine>			
		</res>				
	</item>					
	<item id="27051" idOriginal="16209">					
		<name>强盗步兵</name>				
		<hp>50</hp>				
		<skinId>12332</skinId>				
		<hitZ>59</hitZ>				
		<hpbarZ>63</hpbarZ><hpbarX>0</hpbarX>				
		<attackDelay>0.35</attackDelay>				
		<res>				
			<spine>12332</spine>			
		</res>				
	</item>					
	<item id="27052" idOriginal="16210">					
		<name>强盗弓兵</name>				
		<hp>50</hp>				
		<skinId>12333</skinId>				
		<launchZ>50</launchZ>				
		<launchX>30</launchX>				
		<attackProjectileType>1</attackProjectileType>				
		<projectileSkinId>112633</projectileSkinId>				
		<hitZ>38</hitZ>				
		<hpbarZ>41</hpbarZ><hpbarX>0</hpbarX>				
		<attackDelay>0.5</attackDelay>				
		<res>				
			<spine>12333</spine>			
			<spine>112633</spine>			
		</res>				
	</item>					
	<item id="27053" idOriginal="16212">					
		<name>强盗法师</name>				
		<hp>50</hp>				
		<skinId>12334</skinId>				
		<launchZ>54</launchZ>				
		<launchX>33</launchX>				
		<attackProjectileType>1</attackProjectileType>				
		<projectileSkinId>15003</projectileSkinId>				
		<hitZ>45</hitZ>				
		<hpbarZ>52</hpbarZ><hpbarX>0</hpbarX>				
		<attackDelay>0.5</attackDelay>				
		<res>				
			<spine>12334</spine>			
			<spine>15003</spine>			
		</res>				
	</item>					
	<item id="27054" idOriginal="16213">					
		<name>强盗枪兵</name>				
		<hp>50</hp>				
		<skinId>12335</skinId>				
		<hitZ>45</hitZ>				
		<hpbarZ>48</hpbarZ><hpbarX>0</hpbarX>				
		<attackDelay>0.35</attackDelay>				
		<res>				
			<spine>12335</spine>			
		</res>				
	</item>					
	<item id="27055" idOriginal="16211">					
		<name>强盗骑兵</name>				
		<hp>50</hp>				
		<skinId>12336</skinId>				
		<hitZ>45</hitZ>				
		<hpbarZ>51</hpbarZ><hpbarX>0</hpbarX>				
		<attackDelay>0.5</attackDelay>				
		<res>				
			<spine>12336</spine>			
		</res>				
	</item>					
</ExtraCard>						
