<FightObjects>
    <Building id="15000">
        <body_type>0</body_type>
        <body_shape>0</body_shape>
        <body_radius>2.83</body_radius>
        <body_friction>0</body_friction>
        <body_restitution>0</body_restitution>
        <type>3</type>
        <name>大本营</name>
        <hp cP="0.1">2400</hp>
        <moveSpeed>0</moveSpeed>
        <magicResist>0.6</magicResist>
        <scanRange>8</scanRange>
        <attackTargetType>0x0013</attackTargetType>
        <attackDamage cP="0.1">50</attackDamage>
        <damageType>0</damageType>
        <attackDelay>0.135</attackDelay>
        <attackCD>1</attackCD>
        <attackRange>8</attackRange>
        <attackProjectileType>2</attackProjectileType>
        <projectileFlySpeed>0</projectileFlySpeed>
        <projectileLaunchSlope>0</projectileLaunchSlope>
        <projectileSkinId>115000</projectileSkinId>
        <attackSputterType>0</attackSputterType>
        <attackSputterMultiple>0.5</attackSputterMultiple>
        <skinId>15000</skinId>
        <launchX>40</launchX>
        <launchZ>135</launchZ>
        <hpbarZ>70</hpbarZ>
        <hpbarX>0</hpbarX>
        <hpbarWidth>72</hpbarWidth>
        <hitZ>75</hitZ>
        <displayLayer>0</displayLayer>
        <freezeRotation>1</freezeRotation>
    </Building>
    <Building id="15001">
        <body_type>0</body_type>
        <body_shape>0</body_shape>
        <body_radius>2.83</body_radius>
        <body_friction>0</body_friction>
        <body_restitution>0</body_restitution>
        <type>3</type>
        <name>大本营</name>
        <hp cP="0.1">2400</hp>
        <moveSpeed>0</moveSpeed>
        <magicResist>0.6</magicResist>
        <scanRange>8</scanRange>
        <attackTargetType>0x0013</attackTargetType>
        <attackDamage cP="0.1">50</attackDamage>
        <damageType>0</damageType>
        <attackDelay>0.135</attackDelay>
        <attackCD>1</attackCD>
        <attackRange>8</attackRange>
        <attackProjectileType>2</attackProjectileType>
        <projectileFlySpeed>0</projectileFlySpeed>
        <projectileLaunchSlope>0</projectileLaunchSlope>
        <projectileSkinId>115001</projectileSkinId>
        <attackSputterType>0</attackSputterType>
        <attackSputterMultiple>0.5</attackSputterMultiple>
        <skinId>15001</skinId>
        <launchX>40</launchX>
        <launchZ>135</launchZ>
        <hpbarZ>70</hpbarZ>
        <hpbarX>0</hpbarX>
        <hpbarWidth>72</hpbarWidth>
        <hitZ>75</hitZ>
        <displayLayer>0</displayLayer>
        <freezeRotation>1</freezeRotation>
    </Building>
    <Building id="15014">
        <body_type>0</body_type>
        <body_shape>0</body_shape>
        <body_radius>2.12</body_radius>
        <body_friction>0</body_friction>
        <body_restitution>0</body_restitution>
        <type>2</type>
        <name>防御塔</name>
        <hp cP="0.1">1400</hp>
        <moveSpeed>0</moveSpeed>
        <magicResist>0.6</magicResist>
        <scanRange>8.5</scanRange>
        <attackTargetType>0x0013</attackTargetType>
        <attackDamage cP="0.1">50</attackDamage>
        <damageType>0</damageType>
        <attackDelay>0.315</attackDelay>
        <attackCD>0.8</attackCD>
        <attackRange>8.5</attackRange>
        <attackProjectileType>1</attackProjectileType>
        <attackSputterType>0</attackSputterType>
        <projectileFlySpeed>17</projectileFlySpeed>
        <projectileLaunchSlope>0.3</projectileLaunchSlope>
        <projectileSkinId>115014</projectileSkinId>
        <skinId>15014</skinId>
        <launchX>30</launchX>
        <launchZ>60</launchZ>
        <hpbarZ>75</hpbarZ>
        <hpbarX>0</hpbarX>
        <hpbarWidth>58</hpbarWidth>
        <hitZ>60</hitZ>
        <freezeRotation>1</freezeRotation>
    </Building>
    <Building id="15016">
        <body_type>0</body_type>
        <body_shape>0</body_shape>
        <body_radius>2.12</body_radius>
        <body_friction>0</body_friction>
        <body_restitution>0</body_restitution>
        <type>2</type>
        <name>守护塔</name>
        <hp cP="0.1">1400</hp>
        <moveSpeed>0</moveSpeed>
        <magicResist>0.6</magicResist>
        <scanRange>8.5</scanRange>
        <attackTargetType>0x0013</attackTargetType>
        <attackDamage cP="0.1">50</attackDamage>
        <damageType>0</damageType>
        <attackDelay>0.315</attackDelay>
        <attackCD>0.8</attackCD>
        <attackRange>8.5</attackRange>
        <attackProjectileType>1</attackProjectileType>
        <attackSputterType>0</attackSputterType>
        <projectileFlySpeed>17</projectileFlySpeed>
        <projectileLaunchSlope>0.3</projectileLaunchSlope>
        <projectileSkinId>115016</projectileSkinId>
        <skinId>15016</skinId>
        <launchX>30</launchX>
        <launchZ>60</launchZ>
        <hpbarZ>75</hpbarZ>
        <hpbarX>0</hpbarX>
        <hpbarWidth>58</hpbarWidth>
        <hitZ>60</hitZ>
        <freezeRotation>1</freezeRotation>
    </Building>
    <Soldier id="12101">
        <body_type>2</body_type>
        <body_shape>0</body_shape>
        <body_radius>0.4</body_radius>
        <body_density>0.064</body_density>
        <type>0</type>
        <name>步兵阵</name>
        <moveSpeed>2.48</moveSpeed>
        <scanRange>5</scanRange>
        <hp>32</hp>
        <armor>0</armor>
        <magicResist>0</magicResist>
        <attackTargetType>0x0013</attackTargetType>
        <attackDamage>32</attackDamage>
        <damageType>0</damageType>
        <attackDelay>0.45</attackDelay>
        <attackCD>0.7</attackCD>
        <attackRange>0.25</attackRange>
        <attackProjectileType>0</attackProjectileType>
        <attackSputterType>0</attackSputterType>
        <skinId>12101</skinId>
        <skinScale>0.75</skinScale>
        <hpbarZ>55</hpbarZ>
        <hpbarX>0</hpbarX>
        <hpbarWidth>15</hpbarWidth>
        <hitZ>42</hitZ>
        <waittime>1</waittime>
        <Skills>
            <ActionAnim>
                <actionName>init</actionName>
                <castSkinId>11001</castSkinId>
            </ActionAnim>
            <ActionAnim>
                <actionName>die</actionName>
                <castSkinId>444</castSkinId>
            </ActionAnim>
        </Skills>
    </Soldier>
    <Soldier id="12103">
        <body_type>2</body_type>
        <body_shape>0</body_shape>
        <body_radius>0.5</body_radius>
        <body_density>0.125</body_density>
        <type>0</type>
        <name>弓兵小队</name>
        <moveSpeed>1.1</moveSpeed>
        <scanRange>5.5</scanRange>
        <hp>125</hp>
        <armor>0</armor>
        <magicResist>0</magicResist>
        <attackTargetType>0x0013</attackTargetType>
        <attackDamage>41</attackDamage>
        <damageType>0</damageType>
        <attackDelay>0.54</attackDelay>
        <attackCD>1.2</attackCD>
        <attackRange>5.5</attackRange>
        <attackProjectileType>1</attackProjectileType>
        <projectileFlySpeed>14</projectileFlySpeed>
        <projectileLaunchSlope>0.6</projectileLaunchSlope>
        <projectileSkinId>15003</projectileSkinId>
        <attackSputterType>0</attackSputterType>
        <skinId>12103</skinId>
        <skinScale>0.75</skinScale>
        <launchX>36</launchX>
        <launchZ>41</launchZ>
        <hpbarZ>55</hpbarZ>
        <hpbarX>0</hpbarX>
        <hpbarWidth>25</hpbarWidth>
        <hitZ>42</hitZ>
        <waittime>1</waittime>
        <Skills>
            <ActionAnim>
                <actionName>init</actionName>
                <castSkinId>11001</castSkinId>
            </ActionAnim>
            <ActionAnim>
                <actionName>die</actionName>
                <castSkinId>444</castSkinId>
            </ActionAnim>
        </Skills>
    </Soldier>
    <Soldier id="12104">
        <body_type>2</body_type>
        <body_shape>0</body_shape>
        <body_radius>0.5</body_radius>
        <body_density>0.125</body_density>
        <type>0</type>
        <name>巫师小队</name>
        <moveSpeed>1.98</moveSpeed>
        <scanRange>5</scanRange>
        <hp>43</hp>
        <armor>0</armor>
        <magicResist>0</magicResist>
        <attackTargetType>0x0013</attackTargetType>
        <attackDamage>80</attackDamage>
        <damageType>0</damageType>
        <attackDelay>0.54</attackDelay>
        <attackCD>2</attackCD>
        <attackRange>2</attackRange>
        <attackProjectileType>1</attackProjectileType>
        <projectileFlySpeed>9.5</projectileFlySpeed>
        <projectileLaunchSlope>0</projectileLaunchSlope>
        <projectileSkinId>15003</projectileSkinId>
        <attackSputterType>1</attackSputterType>
        <attackSputterRange>1</attackSputterRange>
        <skinId>12104</skinId>
        <skinScale>0.75</skinScale>
        <launchX>36</launchX>
        <launchZ>41</launchZ>
        <hpbarZ>50</hpbarZ>
        <hpbarX>0</hpbarX>
        <hpbarWidth>25</hpbarWidth>
        <hitZ>42</hitZ>
        <waittime>1</waittime>
        <Skills>
            <SuicideAttack/>
            <ActionAnim>
                <actionName>init</actionName>
                <castSkinId>11001</castSkinId>
            </ActionAnim>
            <ActionAnim>
                <actionName>die</actionName>
                <castSkinId>444</castSkinId>
            </ActionAnim>
        </Skills>
    </Soldier>
    <Soldier id="12105">
        <body_type>2</body_type>
        <body_shape>0</body_shape>
        <body_radius>0.5</body_radius>
        <body_density>0.125</body_density>
        <type>0</type>
        <name>枪兵小队</name>
        <moveSpeed>1.98</moveSpeed>
        <scanRange>5</scanRange>
        <hp>32</hp>
        <armor>0</armor>
        <magicResist>0</magicResist>
        <attackTargetType>0x0013</attackTargetType>
        <attackDamage>32</attackDamage>
        <damageType>0</damageType>
        <attackDelay>0.5</attackDelay>
        <attackCD>1</attackCD>
        <attackRange>0.25</attackRange>
        <attackProjectileType>0</attackProjectileType>
        <attackSputterType>0</attackSputterType>
        <skinId>12105</skinId>
        <skinScale>0.75</skinScale>
        <hpbarZ>50</hpbarZ>
        <hpbarX>0</hpbarX>
        <hpbarWidth>25</hpbarWidth>
        <hitZ>42</hitZ>
        <waittime>1</waittime>
        <Skills>
            <ActionAnim>
                <actionName>init</actionName>
                <castSkinId>11001</castSkinId>
            </ActionAnim>
            <ActionAnim>
                <actionName>die</actionName>
                <castSkinId>444</castSkinId>
            </ActionAnim>
        </Skills>
    </Soldier>
    <Soldier id="12201">
        <body_type>2</body_type>
        <body_shape>0</body_shape>
        <body_radius>0.6</body_radius>
        <body_density>0.216</body_density>
        <type>0</type>
        <name>勇士小队</name>
        <moveSpeed>1.45</moveSpeed>
        <scanRange>5</scanRange>
        <hp>300</hp>
        <armor>0</armor>
        <magicResist>0</magicResist>
        <attackTargetType>0x0013</attackTargetType>
        <attackDamage>75</attackDamage>
        <damageType>0</damageType>
        <attackDelay>0.45</attackDelay>
        <attackCD>1.4</attackCD>
        <attackRange>0.25</attackRange>
        <attackProjectileType>0</attackProjectileType>
        <attackSputterType>0</attackSputterType>
        <skinId>12201</skinId>
        <skinScale>0.9</skinScale>
        <hpbarZ>57</hpbarZ>
        <hpbarX>0</hpbarX>
        <hpbarWidth>42</hpbarWidth>
        <hitZ>44</hitZ>
        <waittime>1</waittime>
        <Skills>
            <ActionAnim>
                <actionName>init</actionName>
                <castSkinId>11001</castSkinId>
            </ActionAnim>
            <ActionAnim>
                <actionName>die</actionName>
                <castSkinId>444</castSkinId>
            </ActionAnim>
        </Skills>
    </Soldier>
    <Soldier id="12202">
        <body_type>2</body_type>
        <body_shape>0</body_shape>
        <body_radius>0.4</body_radius>
        <body_density>0.064</body_density>
        <type>0</type>
        <name>盾步兵阵</name>
        <moveSpeed>2.48</moveSpeed>
        <scanRange>5</scanRange>
        <hp>52</hp>
        <armor>0</armor>
        <magicResist>0</magicResist>
        <attackTargetType>0x0013</attackTargetType>
        <attackDamage>32</attackDamage>
        <damageType>0</damageType>
        <attackDelay>0.5</attackDelay>
        <attackCD>0.7</attackCD>
        <attackRange>0.25</attackRange>
        <attackProjectileType>0</attackProjectileType>
        <attackSputterType>0</attackSputterType>
        <skinId>12202</skinId>
        <skinScale>0.75</skinScale>
        <hpbarZ>50</hpbarZ>
        <hpbarX>0</hpbarX>
        <hpbarWidth>15</hpbarWidth>
        <hitZ>43</hitZ>
        <waittime>1</waittime>
        <Skills>
            <ActionAnim>
                <actionName>init</actionName>
                <castSkinId>11001</castSkinId>
            </ActionAnim>
            <ActionAnim>
                <actionName>die</actionName>
                <castSkinId>444</castSkinId>
            </ActionAnim>
        </Skills>
    </Soldier>
    <Soldier id="12206">
        <body_type>2</body_type>
        <body_shape>0</body_shape>
        <body_radius>0.7</body_radius>
        <body_density>0.343</body_density>
        <type>0</type>
        <name>长弓小队</name>
        <moveSpeed>1.45</moveSpeed>
        <scanRange>5.5</scanRange>
        <hp>52</hp>
        <armor>0</armor>
        <magicResist>0</magicResist>
        <attackTargetType>0x0013</attackTargetType>
        <attackDamage>50</attackDamage>
        <damageType>0</damageType>
        <attackDelay>0.315</attackDelay>
        <attackCD>1.3</attackCD>
        <attackRange>5.5</attackRange>
        <attackProjectileType>1</attackProjectileType>
        <projectileFlySpeed>15</projectileFlySpeed>
        <projectileLaunchSlope>0.6</projectileLaunchSlope>
        <projectileSkinId>15003</projectileSkinId>
        <attackSputterType>0</attackSputterType>
        <skinId>12206</skinId>
        <skinScale>0.75</skinScale>
        <launchX>36</launchX>
        <launchZ>54</launchZ>
        <hpbarZ>55</hpbarZ>
        <hpbarX>0</hpbarX>
        <hpbarWidth>25</hpbarWidth>
        <hitZ>49</hitZ>
        <waittime>1</waittime>
        <Skills>
            <ActionAnim>
                <actionName>init</actionName>
                <castSkinId>11001</castSkinId>
            </ActionAnim>
            <ActionAnim>
                <actionName>die</actionName>
                <castSkinId>444</castSkinId>
            </ActionAnim>
        </Skills>
    </Soldier>
    <Soldier id="12209">
        <body_type>2</body_type>
        <body_shape>0</body_shape>
        <body_radius>0.5</body_radius>
        <body_density>0.125</body_density>
        <type>0</type>
        <name>重枪兵小队</name>
        <moveSpeed>1.98</moveSpeed>
        <scanRange>5</scanRange>
        <hp>90</hp>
        <armor>0</armor>
        <magicResist>0</magicResist>
        <attackTargetType>0x0013</attackTargetType>
        <attackDamage>58</attackDamage>
        <damageType>0</damageType>
        <attackDelay>0.4</attackDelay>
        <attackCD>0.9</attackCD>
        <attackRange>0.25</attackRange>
        <attackProjectileType>0</attackProjectileType>
        <attackSputterType>0</attackSputterType>
        <skinId>12209</skinId>
        <skinScale>0.75</skinScale>
        <hpbarZ>50</hpbarZ>
        <hpbarX>0</hpbarX>
        <hpbarWidth>25</hpbarWidth>
        <hitZ>43</hitZ>
        <waittime>1.2</waittime>
        <Skills>
            <ActionAnim>
                <actionName>init</actionName>
                <castSkinId>11001</castSkinId>
            </ActionAnim>
            <ActionAnim>
                <actionName>die</actionName>
                <castSkinId>444</castSkinId>
            </ActionAnim>
        </Skills>
    </Soldier>
    <Soldier id="12210">
        <body_type>2</body_type>
        <body_shape>0</body_shape>
        <body_radius>0.4</body_radius>
        <body_density>0.064</body_density>
        <type>0</type>
        <name>鬼兵大军</name>
        <moveSpeed>1.98</moveSpeed>
        <scanRange>5</scanRange>
        <hp>90</hp>
        <armor>0</armor>
        <magicResist>0</magicResist>
        <attackTargetType>0x0013</attackTargetType>
        <attackDamage>40</attackDamage>
        <damageType>0</damageType>
        <attackDelay>0.3</attackDelay>
        <attackCD>1</attackCD>
        <attackRange>2</attackRange>
        <attackProjectileType>1</attackProjectileType>
        <projectileFlySpeed>11</projectileFlySpeed>
        <projectileLaunchSlope>0.6</projectileLaunchSlope>
        <projectileSkinId>15003</projectileSkinId>
        <attackSputterType>0</attackSputterType>
        <skinId>12210</skinId>
        <skinScale>0.75</skinScale>
        <launchX>47</launchX>
        <launchZ>41</launchZ>
        <hpbarZ>50</hpbarZ>
        <hpbarX>0</hpbarX>
        <hpbarWidth>25</hpbarWidth>
        <hitZ>41</hitZ>
        <waittime>1</waittime>
        <Skills>
            <ActionAnim>
                <actionName>init</actionName>
                <castSkinId>11001</castSkinId>
            </ActionAnim>
            <ActionAnim>
                <actionName>die</actionName>
                <castSkinId>444</castSkinId>
            </ActionAnim>
        </Skills>
    </Soldier>
    <Soldier id="12311">
        <body_type>2</body_type>
        <body_shape>0</body_shape>
        <body_radius>0.6</body_radius>
        <body_density>0.216</body_density>
        <type>0</type>
        <name>烈焰小队</name>
        <moveSpeed>1.45</moveSpeed>
        <scanRange>6.5</scanRange>
        <hp>340</hp>
        <armor>0</armor>
        <magicResist>0</magicResist>
        <attackTargetType>0x0013</attackTargetType>
        <attackDamage>100</attackDamage>
        <damageType>0</damageType>
        <attackDelay>0.315</attackDelay>
        <attackCD>1.1</attackCD>
        <attackRange>6.5</attackRange>
        <attackProjectileType>1</attackProjectileType>
        <projectileFlySpeed>16</projectileFlySpeed>
        <projectileLaunchSlope>0.6</projectileLaunchSlope>
        <projectileSkinId>112311</projectileSkinId>
        <attackSputterType>0</attackSputterType>
        <skinId>12311</skinId>
        <skinScale>0.75</skinScale>
        <launchX>42</launchX>
        <launchZ>50</launchZ>
        <hpbarZ>50</hpbarZ>
        <hpbarX>0</hpbarX>
        <hpbarWidth>42</hpbarWidth>
        <hitZ>40</hitZ>
        <waittime>1</waittime>
        <Skills>
            <ActionAnim>
                <actionName>init</actionName>
                <castSkinId>11001</castSkinId>
            </ActionAnim>
            <ActionAnim>
                <actionName>die</actionName>
                <castSkinId>444</castSkinId>
            </ActionAnim>
        </Skills>
    </Soldier>
    <Soldier id="12321">
        <body_type>2</body_type>
        <body_shape>0</body_shape>
        <body_radius>0.4</body_radius>
        <body_density>0.064</body_density>
        <type>0</type>
        <name>鬼兵阵</name>
        <moveSpeed>1.98</moveSpeed>
        <scanRange>5</scanRange>
        <hp>90</hp>
        <armor>0</armor>
        <magicResist>0</magicResist>
        <attackTargetType>0x0013</attackTargetType>
        <attackDamage>65</attackDamage>
        <damageType>0</damageType>
        <attackDelay>0.3</attackDelay>
        <attackCD>1</attackCD>
        <attackRange>2</attackRange>
        <attackProjectileType>1</attackProjectileType>
        <projectileFlySpeed>11</projectileFlySpeed>
        <projectileLaunchSlope>0</projectileLaunchSlope>
        <projectileSkinId>15003</projectileSkinId>
        <attackSputterType>0</attackSputterType>
        <skinId>12321</skinId>
        <skinScale>0.75</skinScale>
        <launchX>47</launchX>
        <launchZ>41</launchZ>
        <hpbarZ>50</hpbarZ>
        <hpbarX>0</hpbarX>
        <hpbarWidth>25</hpbarWidth>
        <hitZ>41</hitZ>
        <waittime>1</waittime>
        <Skills>
            <ActionAnim>
                <actionName>init</actionName>
                <castSkinId>11001</castSkinId>
            </ActionAnim>
            <ActionAnim>
                <actionName>die</actionName>
                <castSkinId>444</castSkinId>
            </ActionAnim>
        </Skills>
    </Soldier>
    <Soldier id="12326">
        <body_type>2</body_type>
        <body_shape>0</body_shape>
        <body_radius>0.7</body_radius>
        <body_density>0.343</body_density>
        <type>1</type>
        <name>木牛流马</name>
        <moveSpeed>1.1</moveSpeed>
        <scanRange>5</scanRange>
        <hp>1200</hp>
        <armor>0</armor>
        <magicResist>0</magicResist>
        <attackTargetType>0x0013</attackTargetType>
        <attackDamage>1300</attackDamage>
        <damageType>0</damageType>
        <attackDelay>0.315</attackDelay>
        <attackCD>5</attackCD>
        <attackRange>4.5</attackRange>
        <attackProjectileType>1</attackProjectileType>
        <projectileFlySpeed>9</projectileFlySpeed>
        <projectileLaunchSlope>0</projectileLaunchSlope>
        <projectileSkinId>15003</projectileSkinId>
        <attackSputterType>2</attackSputterType>
        <attackSputterRange>2</attackSputterRange>
        <skinId>12326</skinId>
        <skinScale>1</skinScale>
        <launchX>36</launchX>
        <launchZ>41</launchZ>
        <hpbarZ>50</hpbarZ>
        <hpbarX>0</hpbarX>
        <hpbarWidth>42</hpbarWidth>
        <hitZ>42</hitZ>
        <waittime>1</waittime>
    </Soldier>
    <Soldier id="12511">
        <body_type>2</body_type>
        <body_shape>0</body_shape>
        <body_radius>1</body_radius>
        <body_density>1</body_density>
        <type>0</type>
        <name>董卓</name>
        <moveSpeed>1.1</moveSpeed>
        <scanRange>5</scanRange>
        <hp>2400</hp>
        <armor>0</armor>
        <magicResist>0</magicResist>
        <attackTargetType>0x0012</attackTargetType>
        <attackDamage>93</attackDamage>
        <damageType>0</damageType>
        <attackDelay>0.65</attackDelay>
        <attackCD>2</attackCD>
        <attackRange>0.25</attackRange>
        <attackProjectileType>0</attackProjectileType>
        <attackSputterType>0</attackSputterType>
        <skinId>12511</skinId>
        <skinScale>1.1</skinScale>
        <hpbarZ>57</hpbarZ>
        <hpbarX>0</hpbarX>
        <hpbarWidth>42</hpbarWidth>
        <hitZ>43</hitZ>
        <waittime>3</waittime>
        <Skills>
            <AutoSpawn>
                <spawnId>12202</spawnId>
                <spawnAmount>2</spawnAmount>
                <spawnCD>9999</spawnCD>
            </AutoSpawn>
            <ActionAnim>
                <actionName>init</actionName>
                <castSkinId>11001</castSkinId>
            </ActionAnim>
            <ActionAnim>
                <actionName>die</actionName>
                <castSkinId>444</castSkinId>
            </ActionAnim>
        </Skills>
    </Soldier>
    <Soldier id="12512">
        <body_type>2</body_type>
        <body_shape>0</body_shape>
        <body_radius>0.8</body_radius>
        <body_density>0.512</body_density>
        <type>0</type>
        <name>吕布</name>
        <moveSpeed>1.45</moveSpeed>
        <scanRange>5</scanRange>
        <hp>700</hp>
        <armor>0</armor>
        <magicResist>0</magicResist>
        <attackTargetType>0x0013</attackTargetType>
        <attackDamage>215</attackDamage>
        <damageType>0</damageType>
        <attackDelay>0.35</attackDelay>
        <attackCD>1.5</attackCD>
        <attackRange>0.25</attackRange>
        <attackProjectileType>0</attackProjectileType>
        <attackSputterType>2</attackSputterType>
        <skinId>12512</skinId>
        <skinScale>1</skinScale>
        <hpbarZ>81</hpbarZ>
        <hpbarX>0</hpbarX>
        <hpbarWidth>42</hpbarWidth>
        <hitZ>62</hitZ>
        <waittime>1</waittime>
        <Skills>
            <ActionAnim>
                <actionName>init</actionName>
                <castSkinId>11001</castSkinId>
            </ActionAnim>
            <ActionAnim>
                <actionName>die</actionName>
                <castSkinId>444</castSkinId>
            </ActionAnim>
        </Skills>
    </Soldier>
    <Soldier id="12540">
        <body_type>2</body_type>
        <body_shape>0</body_shape>
        <body_radius>0.6</body_radius>
        <body_density>0.216</body_density>
        <type>0</type>
        <name>孙尚香</name>
        <moveSpeed>1.45</moveSpeed>
        <scanRange>9.5</scanRange>
        <hp>216</hp>
        <armor>0</armor>
        <magicResist>0</magicResist>
        <attackTargetType>0x0013</attackTargetType>
        <attackDamage>150</attackDamage>
        <damageType>0</damageType>
        <attackDelay>0.45</attackDelay>
        <attackCD>3</attackCD>
        <attackRange>9.5</attackRange>
        <attackProjectileType>1</attackProjectileType>
        <projectileFlySpeed>12.5</projectileFlySpeed>
        <projectileLaunchSlope>0.6</projectileLaunchSlope>
        <projectileSkinId>15003</projectileSkinId>
        <attackSputterType>2</attackSputterType>
        <attackSputterRange>2</attackSputterRange>
        <skinId>12540</skinId>
        <skinScale>0.82</skinScale>
        <launchX>36</launchX>
        <launchZ>41</launchZ>
        <hpbarZ>60</hpbarZ>
        <hpbarX>0</hpbarX>
        <hpbarWidth>42</hpbarWidth>
        <hitZ>42</hitZ>
        <waittime>1</waittime>
        <attackSputterRange>1.25</attackSputterRange>
        <Skills>
            <ActionAnim>
                <actionName>init</actionName>
                <castSkinId>11001</castSkinId>
            </ActionAnim>
            <ActionAnim>
                <actionName>die</actionName>
                <castSkinId>444</castSkinId>
            </ActionAnim>
        </Skills>
    </Soldier>
    <Soldier id="12541">
        <body_type>2</body_type>
        <body_shape>0</body_shape>
        <body_radius>0.8</body_radius>
        <body_density>0.512</body_density>
        <type>0</type>
        <name>张辽</name>
        <moveSpeed>1.98</moveSpeed>
        <scanRange>5</scanRange>
        <hp>520</hp>
        <armor>0</armor>
        <magicResist>0</magicResist>
        <attackTargetType>0x0013</attackTargetType>
        <attackDamage>100</attackDamage>
        <damageType>0</damageType>
        <attackDelay>0.57</attackDelay>
        <attackCD>1</attackCD>
        <attackRange>0.25</attackRange>
        <attackProjectileType>0</attackProjectileType>
        <attackSputterType>2</attackSputterType>
        <skinId>12541</skinId>
        <skinScale>1.1</skinScale>
        <hpbarZ>63</hpbarZ>
        <hpbarX>0</hpbarX>
        <hpbarWidth>42</hpbarWidth>
        <hitZ>49</hitZ>
        <waittime>1</waittime>
        <attackSputterRange>1.25</attackSputterRange>
        <Skills>
            <ActionAnim>
                <actionName>init</actionName>
                <castSkinId>11001</castSkinId>
            </ActionAnim>
            <ActionAnim>
                <actionName>die</actionName>
                <castSkinId>444</castSkinId>
            </ActionAnim>
        </Skills>
    </Soldier>
    <Soldier id="12542">
        <body_type>2</body_type>
        <body_shape>0</body_shape>
        <body_radius>0.8</body_radius>
        <body_density>0.512</body_density>
        <type>0</type>
        <name>夏侯渊</name>
        <moveSpeed>1.1</moveSpeed>
        <scanRange>6.5</scanRange>
        <hp>1200</hp>
        <armor>0</armor>
        <magicResist>0</magicResist>
        <attackTargetType>0x0012</attackTargetType>
        <attackDamage>75</attackDamage>
        <damageType>0</damageType>
        <attackDelay>0.55</attackDelay>
        <attackCD>1.7</attackCD>
        <attackRange>7</attackRange>
        <attackProjectileType>1</attackProjectileType>
        <projectileFlySpeed>15.5</projectileFlySpeed>
        <projectileLaunchSlope>0</projectileLaunchSlope>
        <projectileSkinId>112542</projectileSkinId>
        <attackSputterType>0</attackSputterType>
        <skinId>12542</skinId>
        <skinScale>1.1</skinScale>
        <launchX>43</launchX>
        <launchZ>46</launchZ>
        <hpbarZ>63</hpbarZ>
        <hpbarX>0</hpbarX>
        <hpbarWidth>42</hpbarWidth>
        <hitZ>58</hitZ>
        <waittime>3</waittime>
        <Skills>
            <ActionAnim>
                <actionName>init</actionName>
                <castSkinId>11001</castSkinId>
            </ActionAnim>
            <ActionAnim>
                <actionName>die</actionName>
                <castSkinId>444</castSkinId>
            </ActionAnim>
        </Skills>
    </Soldier>
    <Soldier id="12544">
        <body_type>2</body_type>
        <body_shape>0</body_shape>
        <body_radius>0.7</body_radius>
        <body_density>0.343</body_density>
        <type>0</type>
        <name>太史慈</name>
        <moveSpeed>1.1</moveSpeed>
        <scanRange>5</scanRange>
        <hp>2970</hp>
        <armor>0</armor>
        <magicResist>0</magicResist>
        <attackTargetType>0x0012</attackTargetType>
        <attackDamage>45</attackDamage>
        <damageType>0</damageType>
        <attackDelay>0.6</attackDelay>
        <attackCD>1.3</attackCD>
        <attackRange>2</attackRange>
        <attackProjectileType>1</attackProjectileType>
        <projectileFlySpeed>10</projectileFlySpeed>
        <projectileLaunchSlope>0</projectileLaunchSlope>
        <projectileSkinId>15003</projectileSkinId>
        <attackSputterType>0</attackSputterType>
        <skinId>12544</skinId>
        <skinScale>1.2</skinScale>
        <launchX>36</launchX>
        <launchZ>41</launchZ>
        <hpbarZ>56</hpbarZ>
        <hpbarX>0</hpbarX>
        <hpbarWidth>42</hpbarWidth>
        <hitZ>42</hitZ>
        <waittime>1</waittime>
        <Skills>
            <DeathSpawn>
                <spawnId>12202</spawnId>
                <spawnAmount>6</spawnAmount>
                <spawnDelay>0.1</spawnDelay>
            </DeathSpawn>
            <ActionAnim>
                <actionName>init</actionName>
                <castSkinId>11001</castSkinId>
            </ActionAnim>
            <ActionAnim>
                <actionName>die</actionName>
                <castSkinId>444</castSkinId>
            </ActionAnim>
        </Skills>
    </Soldier>
    <Soldier id="12545">
        <body_type>2</body_type>
        <body_shape>0</body_shape>
        <body_radius>0.7</body_radius>
        <body_density>0.343</body_density>
        <type>0</type>
        <name>胡车儿</name>
        <moveSpeed>1.98</moveSpeed>
        <scanRange>5</scanRange>
        <hp>996</hp>
        <armor>0</armor>
        <magicResist>0</magicResist>
        <attackTargetType>0x0013</attackTargetType>
        <attackDamage>160</attackDamage>
        <damageType>0</damageType>
        <attackDelay>0.3</attackDelay>
        <attackCD>1.2</attackCD>
        <attackRange>0.25</attackRange>
        <attackProjectileType>0</attackProjectileType>
        <attackSputterType>0</attackSputterType>
        <skinId>12545</skinId>
        <skinScale>1</skinScale>
        <hpbarZ>50</hpbarZ>
        <hpbarX>0</hpbarX>
        <hpbarWidth>42</hpbarWidth>
        <hitZ>35</hitZ>
        <waittime>1</waittime>
        <Skills>
            <LurkinglyMove/>
            <ActionAnim>
                <actionName>init</actionName>
                <castSkinId>11001</castSkinId>
            </ActionAnim>
            <ActionAnim>
                <actionName>die</actionName>
                <castSkinId>444</castSkinId>
            </ActionAnim>
        </Skills>
    </Soldier>
    <Soldier id="12579">
        <body_type>2</body_type>
        <body_shape>0</body_shape>
        <body_radius>0.7</body_radius>
        <body_density>0.343</body_density>
        <type>0</type>
        <name>貂蝉</name>
        <moveSpeed>1.45</moveSpeed>
        <scanRange>5.5</scanRange>
        <hp>500</hp>
        <armor>0</armor>
        <magicResist>0</magicResist>
        <attackTargetType>0x0013</attackTargetType>
        <attackDamage>49</attackDamage>
        <damageType>0</damageType>
        <attackDelay>0.315</attackDelay>
        <attackCD>0.7</attackCD>
        <attackRange>5.5</attackRange>
        <attackProjectileType>1</attackProjectileType>
        <projectileFlySpeed>17</projectileFlySpeed>
        <projectileLaunchSlope>0</projectileLaunchSlope>
        <projectileSkinId>15003</projectileSkinId>
        <attackSputterType>0</attackSputterType>
        <attackSputterRange>1</attackSputterRange>
        <skinId>12579</skinId>
        <skinScale>0.8</skinScale>
        <launchX>36</launchX>
        <launchZ>58</launchZ>
        <hpbarZ>75</hpbarZ>
        <hpbarX>0</hpbarX>
        <hpbarWidth>42</hpbarWidth>
        <hitZ>56</hitZ>
        <waittime>1</waittime>
        <Skills>
            <AutoSpawn>
                <spawnId>12202</spawnId>
                <spawnAmount>2</spawnAmount>
                <spawnCD>10</spawnCD>
            </AutoSpawn>
            <ActionAnim>
                <actionName>init</actionName>
                <castSkinId>11001</castSkinId>
            </ActionAnim>
            <ActionAnim>
                <actionName>die</actionName>
                <castSkinId>444</castSkinId>
            </ActionAnim>
        </Skills>
    </Soldier>
    <Soldier id="12582">
        <body_type>2</body_type>
        <body_shape>0</body_shape>
        <body_radius>0.8</body_radius>
        <body_density>0.512</body_density>
        <type>0</type>
        <name>张飞</name>
        <moveSpeed>1.1</moveSpeed>
        <scanRange>5</scanRange>
        <hp>1900</hp>
        <armor>0</armor>
        <magicResist>0</magicResist>
        <attackTargetType>0x0012</attackTargetType>
        <attackDamage>120</attackDamage>
        <damageType>0</damageType>
        <attackDelay>0.35</attackDelay>
        <attackCD>1.5</attackCD>
        <attackRange>0.25</attackRange>
        <attackProjectileType>0</attackProjectileType>
        <attackSputterType>0</attackSputterType>
        <skinId>12582</skinId>
        <skinScale>1.1</skinScale>
        <hpbarZ>56</hpbarZ>
        <hpbarX>0</hpbarX>
        <hpbarWidth>42</hpbarWidth>
        <hitZ>42</hitZ>
        <waittime>1</waittime>
        <Skills>
            <ActionAnim>
                <actionName>init</actionName>
                <castSkinId>11001</castSkinId>
            </ActionAnim>
            <ActionAnim>
                <actionName>die</actionName>
                <castSkinId>444</castSkinId>
            </ActionAnim>
        </Skills>
    </Soldier>
    <Soldier id="12584">
        <body_type>2</body_type>
        <body_shape>0</body_shape>
        <body_radius>0.7</body_radius>
        <body_density>0.343</body_density>
        <type>0</type>
        <name>庞统</name>
        <moveSpeed>1.98</moveSpeed>
        <scanRange>5</scanRange>
        <hp>800</hp>
        <armor>0</armor>
        <magicResist>0</magicResist>
        <attackTargetType>0x0013</attackTargetType>
        <attackDamage>100</attackDamage>
        <damageType>0</damageType>
        <attackDelay>0.54</attackDelay>
        <attackCD>1.6</attackCD>
        <attackRange>3.5</attackRange>
        <attackProjectileType>2</attackProjectileType>
        <projectileFlySpeed>10.5</projectileFlySpeed>
        <projectileLaunchSlope>0</projectileLaunchSlope>
        <projectileSkinId>115000</projectileSkinId>
        <attackSputterType>2</attackSputterType>
        <attackSputterRange>1.25</attackSputterRange>
        <skinId>12584</skinId>
        <skinScale>1</skinScale>
        <launchX>60</launchX>
        <launchZ>10</launchZ>
        <hpbarZ>56</hpbarZ>
        <hpbarX>0</hpbarX>
        <hpbarWidth>42</hpbarWidth>
        <hitZ>65</hitZ>
        <waittime>1</waittime>
        <Skills>
            <ActionAnim>
                <actionName>init</actionName>
                <castSkinId>11001</castSkinId>
            </ActionAnim>
            <ActionAnim>
                <actionName>die</actionName>
                <castSkinId>444</castSkinId>
            </ActionAnim>
        </Skills>
    </Soldier>
    <Soldier id="12585">
        <body_type>2</body_type>
        <body_shape>0</body_shape>
        <body_radius>1</body_radius>
        <body_density>1</body_density>
        <type>0</type>
        <name>马超</name>
        <moveSpeed>1.45</moveSpeed>
        <scanRange>5</scanRange>
        <hp>700</hp>
        <armor>0</armor>
        <magicResist>0</magicResist>
        <attackTargetType>0x0013</attackTargetType>
        <attackDamage>185</attackDamage>
        <damageType>0</damageType>
        <attackDelay>0.575</attackDelay>
        <attackCD>1.75</attackCD>
        <attackRange>0.25</attackRange>
        <attackProjectileType>0</attackProjectileType>
        <attackSputterType>0</attackSputterType>
        <skinId>12585</skinId>
        <skinScale>1.02</skinScale>
        <hpbarZ>57</hpbarZ>
        <hpbarX>0</hpbarX>
        <hpbarWidth>42</hpbarWidth>
        <hitZ>53</hitZ>
        <waittime>1</waittime>
        <Skills>
            <Charge>
                <chargeDelay>2</chargeDelay>
                <speedMultiple>1.86</speedMultiple>
                <firstHitMultiple>2.0</firstHitMultiple>
            </Charge>
            <ActionAnim>
                <actionName>init</actionName>
                <castSkinId>11001</castSkinId>
            </ActionAnim>
            <ActionAnim>
                <actionName>die</actionName>
                <castSkinId>444</castSkinId>
            </ActionAnim>
        </Skills>
    </Soldier>
    <Soldier id="12590">
        <body_type>2</body_type>
        <body_shape>0</body_shape>
        <body_radius>1</body_radius>
        <body_density>1</body_density>
        <type>0</type>
        <name>许褚</name>
        <moveSpeed>1.1</moveSpeed>
        <scanRange>5</scanRange>
        <hp>2610</hp>
        <armor>0</armor>
        <magicResist>0</magicResist>
        <attackTargetType>0x0013</attackTargetType>
        <attackDamage>509</attackDamage>
        <damageType>0</damageType>
        <attackDelay>0.6</attackDelay>
        <attackCD>1.8</attackCD>
        <attackRange>0.25</attackRange>
        <attackProjectileType>0</attackProjectileType>
        <attackSputterType>0</attackSputterType>
        <skinId>12590</skinId>
        <skinScale>1.1</skinScale>
        <hpbarZ>62</hpbarZ>
        <hpbarX>0</hpbarX>
        <hpbarWidth>42</hpbarWidth>
        <hitZ>45</hitZ>
        <waittime>3</waittime>
        <Skills>
            <ActionAnim>
                <actionName>init</actionName>
                <castSkinId>11001</castSkinId>
            </ActionAnim>
            <ActionAnim>
                <actionName>die</actionName>
                <castSkinId>444</castSkinId>
            </ActionAnim>
        </Skills>
    </Soldier>
    <Soldier id="12603">
        <body_type>2</body_type>
        <body_shape>0</body_shape>
        <body_radius>0.7</body_radius>
        <body_density>0.343</body_density>
        <type>0</type>
        <name>陆逊</name>
        <moveSpeed>1.45</moveSpeed>
        <scanRange>5.5</scanRange>
        <hp>340</hp>
        <armor>0</armor>
        <magicResist>0</magicResist>
        <attackTargetType>0x0013</attackTargetType>
        <attackDamage>130</attackDamage>
        <damageType>0</damageType>
        <attackDelay>0.315</attackDelay>
        <attackCD>1.7</attackCD>
        <attackRange>5.5</attackRange>
        <attackProjectileType>1</attackProjectileType>
        <projectileFlySpeed>13</projectileFlySpeed>
        <projectileLaunchSlope>0</projectileLaunchSlope>
        <projectileSkinId>15003</projectileSkinId>
        <attackSputterType>2</attackSputterType>
        <attackSputterRange>1</attackSputterRange>
        <skinId>12603</skinId>
        <skinScale>1</skinScale>
        <launchX>36</launchX>
        <launchZ>41</launchZ>
        <hpbarZ>56</hpbarZ>
        <hpbarX>0</hpbarX>
        <hpbarWidth>42</hpbarWidth>
        <hitZ>42</hitZ>
        <waittime>1</waittime>
        <Skills>
            <ActionAnim>
                <actionName>init</actionName>
                <castSkinId>11001</castSkinId>
            </ActionAnim>
            <ActionAnim>
                <actionName>die</actionName>
                <castSkinId>444</castSkinId>
            </ActionAnim>
        </Skills>
    </Soldier>
    <Soldier id="12606">
        <body_type>2</body_type>
        <body_shape>0</body_shape>
        <body_radius>0.7</body_radius>
        <body_density>0.343</body_density>
        <type>0</type>
        <name>甘宁</name>
        <moveSpeed>1.98</moveSpeed>
        <scanRange>5</scanRange>
        <hp>600</hp>
        <armor>0</armor>
        <magicResist>0</magicResist>
        <attackTargetType>0x0013</attackTargetType>
        <attackDamage>325</attackDamage>
        <damageType>0</damageType>
        <attackDelay>0.45</attackDelay>
        <attackCD>1.8</attackCD>
        <attackRange>0.25</attackRange>
        <attackProjectileType>0</attackProjectileType>
        <attackSputterType>0</attackSputterType>
        <skinId>12606</skinId>
        <skinScale>1</skinScale>
        <hpbarZ>56</hpbarZ>
        <hpbarX>0</hpbarX>
        <hpbarWidth>42</hpbarWidth>
        <hitZ>41</hitZ>
        <waittime>1</waittime>
        <Skills>
            <ActionAnim>
                <actionName>init</actionName>
                <castSkinId>11001</castSkinId>
            </ActionAnim>
            <ActionAnim>
                <actionName>die</actionName>
                <castSkinId>444</castSkinId>
            </ActionAnim>
        </Skills>
    </Soldier>
    <Soldier id="12608">
        <body_type>2</body_type>
        <body_shape>0</body_shape>
        <body_radius>0.85</body_radius>
        <body_density>0.614</body_density>
        <type>0</type>
        <name>郭嘉</name>
        <moveSpeed>1.45</moveSpeed>
        <scanRange>6</scanRange>
        <hp>665</hp>
        <armor>0</armor>
        <magicResist>0</magicResist>
        <attackTargetType>0x0013</attackTargetType>
        <attackDamage>63</attackDamage>
        <damageType>0</damageType>
        <attackDelay>0.315</attackDelay>
        <attackCD>1.5</attackCD>
        <attackRange>6</attackRange>
        <attackProjectileType>2</attackProjectileType>
        <projectileFlySpeed>14.5</projectileFlySpeed>
        <projectileLaunchSlope>0</projectileLaunchSlope>
        <projectileSkinId>15003</projectileSkinId>
        <attackSputterType>2</attackSputterType>
        <attackSputterRange>1</attackSputterRange>
        <skinId>12608</skinId>
        <skinScale>0.8</skinScale>
        <launchX>36</launchX>
        <launchZ>80</launchZ>
        <hpbarZ>86</hpbarZ>
        <hpbarX>0</hpbarX>
        <hpbarWidth>42</hpbarWidth>
        <hitZ>70</hitZ>
        <waittime>1</waittime>
        <Skills>
            <ActionAnim>
                <actionName>init</actionName>
                <castSkinId>11001</castSkinId>
            </ActionAnim>
            <ActionAnim>
                <actionName>die</actionName>
                <castSkinId>444</castSkinId>
            </ActionAnim>
        </Skills>
    </Soldier>
    <Soldier id="12627">
        <body_type>2</body_type>
        <body_shape>0</body_shape>
        <body_radius>0.8</body_radius>
        <body_density>0.512</body_density>
        <type>0</type>
        <name>吕蒙</name>
        <moveSpeed>1.45</moveSpeed>
        <scanRange>5</scanRange>
        <hp>660</hp>
        <armor>0</armor>
        <magicResist>0</magicResist>
        <attackTargetType>0x0013</attackTargetType>
        <attackDamage>75</attackDamage>
        <damageType>0</damageType>
        <attackDelay>0.3</attackDelay>
        <attackCD>1.1</attackCD>
        <attackRange>0.25</attackRange>
        <attackProjectileType>0</attackProjectileType>
        <attackSputterType>0</attackSputterType>
        <skinId>12627</skinId>
        <skinScale>1</skinScale>
        <hpbarZ>69</hpbarZ>
        <hpbarX>0</hpbarX>
        <hpbarWidth>42</hpbarWidth>
        <hitZ>55</hitZ>
        <waittime>1</waittime>
        <Skills>
            <ActionAnim>
                <actionName>init</actionName>
                <castSkinId>11001</castSkinId>
            </ActionAnim>
            <ActionAnim>
                <actionName>die</actionName>
                <castSkinId>444</castSkinId>
            </ActionAnim>
        </Skills>
    </Soldier>
    <Soldier id="12633">
        <body_type>2</body_type>
        <body_shape>0</body_shape>
        <body_radius>0.7</body_radius>
        <body_density>0.343</body_density>
        <type>0</type>
        <name>王允</name>
        <moveSpeed>1.45</moveSpeed>
        <scanRange>5</scanRange>
        <hp>147</hp>
        <armor>0</armor>
        <magicResist>0</magicResist>
        <attackTargetType>0x0013</attackTargetType>
        <attackDamage>123</attackDamage>
        <damageType>0</damageType>
        <attackDelay>0.45</attackDelay>
        <attackCD>1.75</attackCD>
        <attackRange>5</attackRange>
        <attackProjectileType>1</attackProjectileType>
        <projectileFlySpeed>12</projectileFlySpeed>
        <projectileLaunchSlope>0</projectileLaunchSlope>
        <projectileSkinId>112633</projectileSkinId>
        <attackSputterType>2</attackSputterType>
        <attackSputterRange>1.75</attackSputterRange>
        <skinId>12633</skinId>
        <skinScale>0.85</skinScale>
        <launchX>25</launchX>
        <launchZ>45</launchZ>
        <hpbarZ>69</hpbarZ>
        <hpbarX>0</hpbarX>
        <hpbarWidth>25</hpbarWidth>
        <hitZ>48</hitZ>
        <waittime>1</waittime>
        <Skills>
            <ActionAnim>
                <actionName>init</actionName>
                <castSkinId>11001</castSkinId>
            </ActionAnim>
            <ActionAnim>
                <actionName>die</actionName>
                <castSkinId>444</castSkinId>
            </ActionAnim>
        </Skills>
    </Soldier>
    <Soldier id="12652">
        <body_type>2</body_type>
        <body_shape>0</body_shape>
        <body_radius>0.8</body_radius>
        <body_density>0.512</body_density>
        <type>0</type>
        <name>黄忠</name>
        <moveSpeed>1.98</moveSpeed>
        <scanRange>6.5</scanRange>
        <hp>340</hp>
        <armor>0</armor>
        <magicResist>0</magicResist>
        <attackTargetType>0x0013</attackTargetType>
        <attackDamage>77</attackDamage>
        <damageType>0</damageType>
        <attackDelay>0.405</attackDelay>
        <attackCD>1</attackCD>
        <attackRange>6.5</attackRange>
        <attackProjectileType>1</attackProjectileType>
        <projectileFlySpeed>16.5</projectileFlySpeed>
        <projectileLaunchSlope>0.6</projectileLaunchSlope>
        <projectileSkinId>15003</projectileSkinId>
        <attackSputterType>0</attackSputterType>
        <skinId>12652</skinId>
        <skinScale>1</skinScale>
        <launchX>49</launchX>
        <launchZ>81</launchZ>
        <hpbarZ>76</hpbarZ>
        <hpbarX>0</hpbarX>
        <hpbarWidth>42</hpbarWidth>
        <hitZ>64</hitZ>
        <waittime>1</waittime>
        <Skills>
            <ActionAnim>
                <actionName>init</actionName>
                <castSkinId>11001</castSkinId>
            </ActionAnim>
            <ActionAnim>
                <actionName>die</actionName>
                <castSkinId>444</castSkinId>
            </ActionAnim>
        </Skills>
    </Soldier>
    <Soldier id="12662">
        <body_type>2</body_type>
        <body_shape>0</body_shape>
        <body_radius>0.7</body_radius>
        <body_density>0.343</body_density>
        <type>0</type>
        <name>于吉</name>
        <moveSpeed>1.45</moveSpeed>
        <scanRange>5</scanRange>
        <hp>1050</hp>
        <armor>0</armor>
        <magicResist>0</magicResist>
        <attackTargetType>0x0012</attackTargetType>
        <attackDamage>600</attackDamage>
        <damageType>0</damageType>
        <attackDelay>0.45</attackDelay>
        <attackCD>3</attackCD>
        <attackRange>0.25</attackRange>
        <attackProjectileType>0</attackProjectileType>
        <attackSputterType>0</attackSputterType>
        <skinId>12662</skinId>
        <skinScale>0.85</skinScale>
        <hpbarZ>55</hpbarZ>
        <hpbarX>0</hpbarX>
        <hpbarWidth>42</hpbarWidth>
        <hitZ>42</hitZ>
        <waittime>1</waittime>
        <Skills>
            <ActionAnim>
                <actionName>init</actionName>
                <castSkinId>11001</castSkinId>
            </ActionAnim>
            <ActionAnim>
                <actionName>die</actionName>
                <castSkinId>444</castSkinId>
            </ActionAnim>
        </Skills>
    </Soldier>
    <Soldier id="12672">
        <body_type>2</body_type>
        <body_shape>0</body_shape>
        <body_radius>0.7</body_radius>
        <body_density>0.343</body_density>
        <type>0</type>
        <name>孟获</name>
        <moveSpeed>1.45</moveSpeed>
        <scanRange>5</scanRange>
        <hp>2000</hp>
        <armor>0</armor>
        <magicResist>0</magicResist>
        <attackTargetType>0x0013</attackTargetType>
        <attackDamage>120</attackDamage>
        <damageType>0</damageType>
        <attackDelay>0.45</attackDelay>
        <attackCD>1.5</attackCD>
        <attackRange>0.25</attackRange>
        <attackProjectileType>0</attackProjectileType>
        <attackSputterType>0</attackSputterType>
        <skinId>12672</skinId>
        <skinScale>1</skinScale>
        <hpbarZ>55</hpbarZ>
        <hpbarX>0</hpbarX>
        <hpbarWidth>42</hpbarWidth>
        <hitZ>42</hitZ>
        <waittime>1</waittime>
        <Skills>
            <ActionAnim>
                <actionName>init</actionName>
                <castSkinId>11001</castSkinId>
            </ActionAnim>
            <ActionAnim>
                <actionName>die</actionName>
                <castSkinId>444</castSkinId>
            </ActionAnim>
        </Skills>
    </Soldier>
    <Soldier id="12673">
        <body_type>2</body_type>
        <body_shape>0</body_shape>
        <body_radius>0.7</body_radius>
        <body_density>0.343</body_density>
        <type>0</type>
        <name>祝融</name>
        <moveSpeed>1.45</moveSpeed>
        <scanRange>5</scanRange>
        <hp>880</hp>
        <armor>0</armor>
        <magicResist>0</magicResist>
        <attackTargetType>0x0013</attackTargetType>
        <attackDamage>120</attackDamage>
        <damageType>0</damageType>
        <attackDelay>0.45</attackDelay>
        <attackCD>1.5</attackCD>
        <attackRange>0.25</attackRange>
        <attackProjectileType>0</attackProjectileType>
        <attackSputterType>1</attackSputterType>
        <attackSputterRange>1.5</attackSputterRange>
        <skinId>12673</skinId>
        <skinScale>1.05</skinScale>
        <hpbarZ>55</hpbarZ>
        <hpbarX>0</hpbarX>
        <hpbarWidth>42</hpbarWidth>
        <hitZ>42</hitZ>
        <waittime>1</waittime>
        <Skills>
            <ActionAnim>
                <actionName>init</actionName>
                <castSkinId>11001</castSkinId>
            </ActionAnim>
            <ActionAnim>
                <actionName>die</actionName>
                <castSkinId>444</castSkinId>
            </ActionAnim>
        </Skills>
    </Soldier>
    <Building id="13001">
        <body_type>0</body_type>
        <body_shape>0</body_shape>
        <body_radius>0.7</body_radius>
        <type>1</type>
        <name>弹射战车</name>
        <moveSpeed>0</moveSpeed>
        <scanRange>11.5</scanRange>
        <hp>1000</hp>
        <armor>0</armor>
        <magicResist>0</magicResist>
        <attackTargetType>0x0013</attackTargetType>
        <attackDamage>20</attackDamage>
        <damageType>0</damageType>
        <attackDelay>0.315</attackDelay>
        <attackCD>0.3</attackCD>
        <attackRange>11.5</attackRange>
        <attackProjectileType>1</attackProjectileType>
        <projectileFlySpeed>28</projectileFlySpeed>
        <projectileLaunchSlope>0</projectileLaunchSlope>
        <projectileSkinId>113001</projectileSkinId>
        <attackSputterType>0</attackSputterType>
        <lifetime>40</lifetime>
        <skinId>13001</skinId>
        <skinScale>1</skinScale>
        <launchX>34</launchX>
        <launchZ>24</launchZ>
        <hpbarZ>31</hpbarZ>
        <hpbarX>0</hpbarX>
        <hpbarWidth>42</hpbarWidth>
        <hitZ>24</hitZ>
        <waittime>4</waittime>
        <Skills>
            <CountdownSelfHarm>
                <CD>1</CD>
            </CountdownSelfHarm>
        </Skills>
    </Building>
    <Building id="13002">
        <body_type>0</body_type>
        <body_shape>0</body_shape>
        <body_radius>0.7</body_radius>
        <type>1</type>
        <name>轻步兵营</name>
        <moveSpeed>0</moveSpeed>
        <hp>240</hp>
        <armor>0</armor>
        <magicResist>0</magicResist>
        <damageType>0</damageType>
        <attackDelay>0.35</attackDelay>
        <lifetime>60</lifetime>
        <skinId>13002</skinId>
        <skinScale>1</skinScale>
        <hpbarZ>50</hpbarZ>
        <hpbarX>0</hpbarX>
        <hpbarWidth>42</hpbarWidth>
        <hitZ>42</hitZ>
        <waittime>1</waittime>
        <Skills>
            <AutoSpawn>
                <spawnId>12202</spawnId>
                <spawnAmount>1</spawnAmount>
                <spawnCD>2.9</spawnCD>
            </AutoSpawn>
            <CountdownSelfHarm>
                <CD>1</CD>
            </CountdownSelfHarm>
        </Skills>
    </Building>
    <Building id="13003">
        <body_type>0</body_type>
        <body_shape>0</body_shape>
        <body_radius>0.7</body_radius>
        <type>1</type>
        <name>弓兵营</name>
        <moveSpeed>0</moveSpeed>
        <hp>700</hp>
        <armor>0</armor>
        <magicResist>0</magicResist>
        <damageType>0</damageType>
        <attackDelay>0.35</attackDelay>
        <lifetime>35</lifetime>
        <skinId>13003</skinId>
        <skinScale>1</skinScale>
        <hpbarZ>50</hpbarZ>
        <hpbarX>0</hpbarX>
        <hpbarWidth>42</hpbarWidth>
        <hitZ>42</hitZ>
        <waittime>1</waittime>
        <Skills>
            <AutoSpawn>
                <spawnId>12103</spawnId>
                <spawnAmount>1</spawnAmount>
                <spawnCD>4.9</spawnCD>
            </AutoSpawn>
            <CountdownSelfHarm>
                <CD>1</CD>
            </CountdownSelfHarm>
        </Skills>
    </Building>
    <Building id="13004">
        <body_type>0</body_type>
        <body_shape>0</body_shape>
        <body_radius>0.7</body_radius>
        <type>1</type>
        <name>玄武塔</name>
        <moveSpeed>0</moveSpeed>
        <scanRange>6.5</scanRange>
        <hp>1000</hp>
        <armor>0</armor>
        <magicResist>0</magicResist>
        <attackTargetType>0x0013</attackTargetType>
        <attackDamage>100</attackDamage>
        <damageType>1</damageType>
        <attackDelay>0.315</attackDelay>
        <attackCD>1.8</attackCD>
        <attackRange>6.5</attackRange>
        <attackProjectileType>1</attackProjectileType>
        <projectileFlySpeed>13.5</projectileFlySpeed>
        <projectileLaunchSlope>0.6</projectileLaunchSlope>
        <projectileSkinId>15003</projectileSkinId>
        <attackSputterType>2</attackSputterType>
        <attackSputterRange>1.75</attackSputterRange>
        <lifetime>40</lifetime>
        <skinId>13004</skinId>
        <skinScale>1</skinScale>
        <launchX>28</launchX>
        <launchZ>81</launchZ>
        <hpbarZ>95</hpbarZ>
        <hpbarX>0</hpbarX>
        <hpbarWidth>42</hpbarWidth>
        <hitZ>60</hitZ>
        <waittime>1</waittime>
        <Skills>
            <CountdownSelfHarm>
                <CD>1</CD>
            </CountdownSelfHarm>
        </Skills>
    </Building>
    <Building id="13005">
        <body_type>0</body_type>
        <body_shape>0</body_shape>
        <body_radius>0.7</body_radius>
        <type>1</type>
        <name>龙炮</name>
        <moveSpeed>0</moveSpeed>
        <scanRange>6.5</scanRange>
        <hp>800</hp>
        <armor>0</armor>
        <magicResist>0</magicResist>
        <attackTargetType>0x0013</attackTargetType>
        <attackDamage>20</attackDamage>
        <damageType>0</damageType>
        <attackDelay>0.315</attackDelay>
        <attackCD>0.4</attackCD>
        <attackRange>6.5</attackRange>
        <attackProjectileType>1</attackProjectileType>
        <projectileFlySpeed>20</projectileFlySpeed>
        <projectileLaunchSlope>0</projectileLaunchSlope>
        <projectileSkinId>15003</projectileSkinId>
        <attackSputterType>0</attackSputterType>
        <lifetime>40</lifetime>
        <skinId>13005</skinId>
        <skinScale>1</skinScale>
        <launchX>36</launchX>
        <launchZ>41</launchZ>
        <hpbarZ>50</hpbarZ>
        <hpbarX>0</hpbarX>
        <hpbarWidth>42</hpbarWidth>
        <hitZ>42</hitZ>
        <waittime>1</waittime>
        <Skills>
            <CountdownSelfHarm>
                <CD>1</CD>
            </CountdownSelfHarm>
        </Skills>
    </Building>
    <Building id="13007">
        <body_type>0</body_type>
        <body_shape>0</body_shape>
        <body_radius>0.7</body_radius>
        <type>1</type>
        <name>勇士营</name>
        <moveSpeed>0</moveSpeed>
        <hp>1000</hp>
        <armor>0</armor>
        <magicResist>0</magicResist>
        <damageType>0</damageType>
        <attackDelay>0.35</attackDelay>
        <lifetime>50</lifetime>
        <skinId>13007</skinId>
        <skinScale>1</skinScale>
        <hpbarZ>50</hpbarZ>
        <hpbarX>0</hpbarX>
        <hpbarWidth>42</hpbarWidth>
        <hitZ>42</hitZ>
        <waittime>1</waittime>
        <Skills>
            <AutoSpawn>
                <spawnId>12201</spawnId>
                <spawnAmount>2</spawnAmount>
                <spawnCD>14</spawnCD>
            </AutoSpawn>
            <CountdownSelfHarm>
                <CD>1</CD>
            </CountdownSelfHarm>
        </Skills>
    </Building>
    <Building id="13008">
        <body_type>0</body_type>
        <body_shape>0</body_shape>
        <body_radius>0.7</body_radius>
        <type>1</type>
        <name>巫师营</name>
        <moveSpeed>0</moveSpeed>
        <hp>600</hp>
        <armor>0</armor>
        <magicResist>0</magicResist>
        <damageType>0</damageType>
        <attackDelay>0.35</attackDelay>
        <lifetime>40</lifetime>
        <skinId>13008</skinId>
        <skinScale>1</skinScale>
        <hpbarZ>50</hpbarZ>
        <hpbarX>0</hpbarX>
        <hpbarWidth>42</hpbarWidth>
        <hitZ>42</hitZ>
        <waittime>1</waittime>
        <Skills>
            <AutoSpawn>
                <spawnId>12104</spawnId>
                <spawnAmount>2</spawnAmount>
                <spawnCD>10</spawnCD>
            </AutoSpawn>
            <CountdownSelfHarm>
                <CD>1</CD>
            </CountdownSelfHarm>
        </Skills>
    </Building>
    <Building id="13009">
        <body_type>0</body_type>
        <body_shape>0</body_shape>
        <body_radius>0.7</body_radius>
        <type>1</type>
        <name>投石车</name>
        <moveSpeed>0</moveSpeed>
        <scanRange>6</scanRange>
        <hp>1000</hp>
        <armor>0</armor>
        <magicResist>0</magicResist>
        <attackTargetType>0x0013</attackTargetType>
        <attackDamage>60</attackDamage>
        <damageType>0</damageType>
        <attackDelay>0.225</attackDelay>
        <attackCD>0.8</attackCD>
        <attackRange>6</attackRange>
        <attackProjectileType>2</attackProjectileType>
        <projectileFlySpeed>18</projectileFlySpeed>
        <projectileLaunchSlope>1.25</projectileLaunchSlope>
        <projectileSkinId>113009</projectileSkinId>
        <attackSputterType>0</attackSputterType>
        <lifetime>40</lifetime>
        <skinId>13009</skinId>
        <skinScale>1</skinScale>
        <launchX>14</launchX>
        <launchZ>90</launchZ>
        <hpbarZ>35</hpbarZ>
        <hpbarX>0</hpbarX>
        <hpbarWidth>42</hpbarWidth>
        <hitZ>28</hitZ>
        <waittime>1</waittime>
        <Skills>
            <CountdownSelfHarm>
                <CD>1</CD>
            </CountdownSelfHarm>
        </Skills>
    </Building>
    <Building id="13010">
        <body_type>0</body_type>
        <body_shape>0</body_shape>
        <body_radius>0.7</body_radius>
        <type>1</type>
        <name>箭塔</name>
        <moveSpeed>0</moveSpeed>
        <scanRange>6</scanRange>
        <hp>420</hp>
        <armor>0</armor>
        <magicResist>0</magicResist>
        <attackTargetType>0x0013</attackTargetType>
        <attackDamage>61</attackDamage>
        <damageType>0</damageType>
        <attackDelay>0.315</attackDelay>
        <attackCD>0.8</attackCD>
        <attackRange>6</attackRange>
        <attackProjectileType>1</attackProjectileType>
        <projectileFlySpeed>18</projectileFlySpeed>
        <projectileLaunchSlope>0</projectileLaunchSlope>
        <projectileSkinId>15003</projectileSkinId>
        <attackSputterType>0</attackSputterType>
        <lifetime>40</lifetime>
        <skinId>13010</skinId>
        <skinScale>1</skinScale>
        <launchX>36</launchX>
        <launchZ>41</launchZ>
        <hpbarZ>50</hpbarZ>
        <hpbarX>0</hpbarX>
        <hpbarWidth>42</hpbarWidth>
        <hitZ>42</hitZ>
        <waittime>1</waittime>
        <Skills>
            <CountdownSelfHarm>
                <CD>1</CD>
            </CountdownSelfHarm>
        </Skills>
    </Building>
    <Building id="13011">
        <body_type>0</body_type>
        <body_shape>0</body_shape>
        <body_radius>0.7</body_radius>
        <type>1</type>
        <name>重型投石车</name>
        <moveSpeed>0</moveSpeed>
        <scanRange>12</scanRange>
        <hp>600</hp>
        <armor>0</armor>
        <magicResist>0</magicResist>
        <attackTargetType>0x0013</attackTargetType>
        <attackDamage>108</attackDamage>
        <damageType>0</damageType>
        <attackDelay>0.315</attackDelay>
        <attackCD>5</attackCD>
        <attackRange>12</attackRange>
        <attackProjectileType>1</attackProjectileType>
        <projectileFlySpeed>11.5</projectileFlySpeed>
        <projectileLaunchSlope>1.25</projectileLaunchSlope>
        <projectileSkinId>15003</projectileSkinId>
        <attackSputterType>2</attackSputterType>
        <attackSputterRange>1.25</attackSputterRange>
        <lifetime>30</lifetime>
        <skinId>13011</skinId>
        <skinScale>1</skinScale>
        <launchX>36</launchX>
        <launchZ>41</launchZ>
        <hpbarZ>50</hpbarZ>
        <hpbarX>0</hpbarX>
        <hpbarWidth>42</hpbarWidth>
        <hitZ>42</hitZ>
        <waittime>4</waittime>
        <Skills>
            <CountdownSelfHarm>
                <CD>1</CD>
            </CountdownSelfHarm>
        </Skills>
    </Building>
    <AOE id="14001">
        <type>4</type>
        <name>战鼓</name>
        <scanRange>5</scanRange>
        <waittime>0.5</waittime>
        <attackDelay>0</attackDelay>
        <lifetime>8.0</lifetime>
        <attackTargetType>0x0013</attackTargetType>
        <attackCD>0.2</attackCD>
        <skinId>14001</skinId>
        <skinScale>1</skinScale>
        <displayLayer>-1</displayLayer>
        <Skills>
            <HitEnhance>
                <duration>0.25</duration>
                <moveSpeedMultiple>1.4</moveSpeedMultiple>
                <attackSpeedMultiple>1.4</attackSpeedMultiple>
                <attackDamageMultiple>1.0</attackDamageMultiple>
                <autoSpawnSpeedMultiple>1.1</autoSpawnSpeedMultiple>
                <buffColor>0xff0000</buffColor>
            </HitEnhance>
        </Skills>
    </AOE>
    <AOE id="14002">
        <type>4</type>
        <name>地矛刺</name>
        <scanRange>3.5</scanRange>
        <attackDamage>45</attackDamage>
        <waittime>1</waittime>
        <attackDelay>0</attackDelay>
        <lifetime>10.0</lifetime>
        <attackTargetType>0x0013</attackTargetType>
        <attackCD>1</attackCD>
        <skinId>14002</skinId>
        <skinScale>1</skinScale>
        <displayLayer>-1</displayLayer>
        <Skills>
            <HitWeaken>
                <duration>1.05</duration>
                <moveSpeedMultiple>0.8</moveSpeedMultiple>
                <attackSpeedMultiple>0.8</attackSpeedMultiple>
                <attackDamageMultiple>1</attackDamageMultiple>
                <autoSpawnSpeedMultiple>0.9</autoSpawnSpeedMultiple>
                <buffColor>0xcf7f00</buffColor>
            </HitWeaken>
        </Skills>
    </AOE>
    <AOE id="14003">
        <type>4</type>
        <name>冰凝术</name>
        <scanRange>4</scanRange>
        <waittime>0.5</waittime>
        <attackDelay>0</attackDelay>
        <lifetime>4</lifetime>
        <attackTargetType>0x0013</attackTargetType>
        <attackCD>0.2</attackCD>
        <skinId>14003</skinId>
        <skinScale>1</skinScale>
        <displayLayer>-1</displayLayer>
        <Skills>
            <HitStun>
                <duration>0.25</duration>
                <buffColor>0x7fcfff</buffColor>
            </HitStun>
        </Skills>
    </AOE>
    <AOE id="14004">
        <type>4</type>
        <name>奇兵</name>
        <waittime>0.1</waittime>
        <attackDelay>0</attackDelay>
        <lifetime>0.5</lifetime>
        <skinId>14004</skinId>
        <skinScale>1</skinScale>
        <displayLayer>1</displayLayer>
        <Skills>
            <DeathSpawn>
                <spawnId>12209</spawnId>
                <spawnAmount>3</spawnAmount>
                <spawnDelay>0.1</spawnDelay>
            </DeathSpawn>
        </Skills>
    </AOE>
    <AOE id="14005">
        <type>4</type>
        <name>五雷轰顶</name>
        <scanRange>3.5</scanRange>
        <attackDamage>650</attackDamage>
        <waittime>0</waittime>
        <attackDelay>0.2</attackDelay>
        <lifetime>0.3</lifetime>
        <attackTargetType>0x0013</attackTargetType>
        <skinId>14005</skinId>
        <skinScale>1</skinScale>
        <displayLayer>1</displayLayer>
        <Skills>
            <HitStun>
                <duration>0.5</duration>
                <buffColor>0xcfff3f</buffColor>
            </HitStun>
        </Skills>
    </AOE>
    <AOE id="14007">
        <type>4</type>
        <name>伏羲剑</name>
        <scanRange>3</scanRange>
        <attackDamage>325</attackDamage>
        <waittime>0</waittime>
        <attackDelay>0.3</attackDelay>
        <lifetime>0.5</lifetime>
        <attackTargetType>0x0013</attackTargetType>
        <skinId>14007</skinId>
        <skinScale>1</skinScale>
        <displayLayer>1</displayLayer>
    </AOE>
    <AOE id="14008">
        <type>4</type>
        <name>火流星</name>
        <scanRange>2</scanRange>
        <attackDamage>700</attackDamage>
        <waittime>0</waittime>
        <attackDelay>0.3</attackDelay>
        <lifetime>0.5</lifetime>
        <attackTargetType>0x0013</attackTargetType>
        <skinId>14008</skinId>
        <skinScale>1</skinScale>
        <displayLayer>-1</displayLayer>
    </AOE>
    <AOE id="14009">
        <type>4</type>
        <name>落雷术</name>
        <scanRange>2.5</scanRange>
        <attackDamage>80</attackDamage>
        <waittime>0</waittime>
        <attackDelay>0.1</attackDelay>
        <lifetime>0.5</lifetime>
        <attackTargetType>0x0013</attackTargetType>
        <skinId>14009</skinId>
        <skinScale>1</skinScale>
        <displayLayer>1</displayLayer>
        <Skills>
            <HitStun>
                <duration>0.5</duration>
                <buffColor>0xcfff3f</buffColor>
            </HitStun>
        </Skills>
    </AOE>
    <AOE id="14010">
        <type>4</type>
        <name>剑雨</name>
        <scanRange>5</scanRange>
        <attackDamage>115</attackDamage>
        <waittime>0</waittime>
        <attackDelay>0.3</attackDelay>
        <lifetime>0.5</lifetime>
        <attackTargetType>0x0013</attackTargetType>
        <skinId>14010</skinId>
        <skinScale>1</skinScale>
        <displayLayer>-1</displayLayer>
    </AOE>
    <Soldier id="15020">
        <body_type>2</body_type>
        <body_shape>0</body_shape>
        <body_radius>0.7</body_radius>
        <body_density>0.343</body_density>
        <type>0</type>
        <name>骑兵小队</name>
        <moveSpeed>1.98</moveSpeed>
        <scanRange>5</scanRange>
        <hp>195</hp>
        <armor>0</armor>
        <magicResist>0</magicResist>
        <attackTargetType>0x0013</attackTargetType>
        <attackDamage>93</attackDamage>
        <damageType>0</damageType>
        <attackDelay>0.425</attackDelay>
        <attackCD>1.2</attackCD>
        <attackRange>0.25</attackRange>
        <attackProjectileType>0</attackProjectileType>
        <attackSputterType>0</attackSputterType>
        <skinId>15020</skinId>
        <skinScale>1</skinScale>
        <hpbarZ>60</hpbarZ>
        <hpbarX>0</hpbarX>
        <hpbarWidth>25</hpbarWidth>
        <hitZ>55</hitZ>
        <waittime>1.5</waittime>
        <Skills>
            <ActionAnim>
                <actionName>init</actionName>
                <castSkinId>11001</castSkinId>
            </ActionAnim>
            <ActionAnim>
                <actionName>die</actionName>
                <castSkinId>444</castSkinId>
            </ActionAnim>
        </Skills>
    </Soldier>
    <Soldier id="15021">
        <body_type>2</body_type>
        <body_shape>0</body_shape>
        <body_radius>1</body_radius>
        <body_density>1</body_density>
        <type>0</type>
        <name>象兵</name>
        <moveSpeed>1.1</moveSpeed>
        <scanRange>5</scanRange>
        <hp>1500</hp>
        <armor>0</armor>
        <magicResist>0</magicResist>
        <attackTargetType>0x0012</attackTargetType>
        <attackDamage>150</attackDamage>
        <damageType>0</damageType>
        <attackDelay>0.8</attackDelay>
        <attackCD>2.5</attackCD>
        <attackRange>0.25</attackRange>
        <attackProjectileType>0</attackProjectileType>
        <attackSputterType>0</attackSputterType>
        <skinId>15021</skinId>
        <skinScale>1.2</skinScale>
        <hpbarZ>65</hpbarZ>
        <hpbarX>0</hpbarX>
        <hpbarWidth>42</hpbarWidth>
        <hitZ>53</hitZ>
        <waittime>2</waittime>
        <Skills>
            <ActionAnim>
                <actionName>init</actionName>
                <castSkinId>11001</castSkinId>
            </ActionAnim>
            <ActionAnim>
                <actionName>die</actionName>
                <castSkinId>444</castSkinId>
            </ActionAnim>
        </Skills>
    </Soldier>
    <Soldier id="15022">
        <body_type>2</body_type>
        <body_shape>0</body_shape>
        <body_radius>0.5</body_radius>
        <body_density>0.125</body_density>
        <type>0</type>
        <name>虎豹骑</name>
        <moveSpeed>2.48</moveSpeed>
        <hp>600</hp>
        <armor>0</armor>
        <magicResist>0</magicResist>
        <attackTargetType>0x0012</attackTargetType>
        <attackDamage>120</attackDamage>
        <damageType>0</damageType>
        <attackDelay>0.6</attackDelay>
        <attackCD>1.65</attackCD>
        <attackRange>0.25</attackRange>
        <attackProjectileType>0</attackProjectileType>
        <attackSputterType>0</attackSputterType>
        <skinId>15022</skinId>
        <waittime>1</waittime>
        <hpbarZ>65</hpbarZ>
        <hpbarX>0</hpbarX>
        <hpbarWidth>42</hpbarWidth>
        <hitZ>42</hitZ>
        <scanRange>5</scanRange>
        <skinScale>1.1</skinScale>
        <Skills>
            <ActionAnim>
                <actionName>init</actionName>
                <castSkinId>11001</castSkinId>
            </ActionAnim>
            <ActionAnim>
                <actionName>die</actionName>
                <castSkinId>444</castSkinId>
            </ActionAnim>
        </Skills>
    </Soldier>
    <Soldier id="15023">
        <body_type>2</body_type>
        <body_shape>0</body_shape>
        <body_radius>0.6</body_radius>
        <body_density>0.216</body_density>
        <type>0</type>
        <name>医师</name>
        <moveSpeed>1.1</moveSpeed>
        <scanRange>5</scanRange>
        <hp>150</hp>
        <armor>0</armor>
        <magicResist>0</magicResist>
        <attackTargetType>0x0021</attackTargetType>
        <attackHeal>39</attackHeal>
        <attackDelay>0.135</attackDelay>
        <attackCD>1.75</attackCD>
        <attackRange>5</attackRange>
        <attackProjectileType>2</attackProjectileType>
        <projectileFlySpeed>0</projectileFlySpeed>
        <projectileLaunchSlope>0</projectileLaunchSlope>
        <projectileSkinId>1315023</projectileSkinId>
        <attackSputterType>0</attackSputterType>
        <skinId>15023</skinId>
        <skinScale>0.85</skinScale>
        <launchX>33</launchX>
        <launchZ>53</launchZ>
        <hpbarZ>50</hpbarZ>
        <hpbarX>0</hpbarX>
        <hpbarWidth>25</hpbarWidth>
        <hitZ>47</hitZ>
        <waittime>1</waittime>
        <Skills>
            <ActionAnim>
                <actionName>init</actionName>
                <castSkinId>11001</castSkinId>
            </ActionAnim>
            <ActionAnim>
                <actionName>die</actionName>
                <castSkinId>444</castSkinId>
            </ActionAnim>
        </Skills>
    </Soldier>
    <AOE id="14011">
        <type>4</type>
        <name>化瘀术</name>
        <scanRange>3</scanRange>
        <attackHeal>50</attackHeal>
        <waittime>1</waittime>
        <attackDelay>0</attackDelay>
        <lifetime>10.0</lifetime>
        <attackTargetType>0x0021</attackTargetType>
        <attackCD>1</attackCD>
        <skinId>14011</skinId>
        <skinScale>1</skinScale>
        <displayLayer>-1</displayLayer>
    </AOE>
</FightObjects>