<?xml version="1.0" encoding="UTF-8"?>						
<FightObjects>						
	<Building id='15000'>					
		<body_type>0</body_type>				
		<body_shape>0</body_shape>				
		<body_radius>2.83</body_radius>				
		<body_friction>0</body_friction>				
		<body_restitution>0</body_restitution>				
		<type>3</type>				
		<c_name>大本营</c_name>				
		<c_hp cP='0.1'>2400</c_hp>				
		<c_moveSpeed>0</c_moveSpeed>				
		<c_magicResist>0.6</c_magicResist>				
		<c_scanRange>8</c_scanRange>				
		<c_attackTargetType>0x0013</c_attackTargetType>				
		<c_attackDamage cP='0.1'>50</c_attackDamage>				
		<c_damageType>0</c_damageType>				
		<c_attackDelay>0.135</c_attackDelay>				
		<c_attackCD>1</c_attackCD>				
		<c_attackRange>8</c_attackRange>				
		<c_attackProjectileType>2</c_attackProjectileType>				
		<c_projectileFlySpeed>0</c_projectileFlySpeed>				
		<c_projectileLaunchSlope>0</c_projectileLaunchSlope>				
		<c_projectileSkinId>115000</c_projectileSkinId>				
		<c_attackSputterType>0</c_attackSputterType>				
		<c_attackSputterMultiple>0.5</c_attackSputterMultiple>				
		<c_skinId>15000</c_skinId>				
		<c_launchX>40</c_launchX>				
		<c_launchZ>135</c_launchZ>				
		<c_hpbarZ>70</c_hpbarZ><c_hpbarX>0</c_hpbarX><c_hpbarWidth>72</c_hpbarWidth>				
		<c_hitZ>75</c_hitZ>				
		<c_displayLayer>0</c_displayLayer>				
		<c_freezeRotation>1</c_freezeRotation>				
	</Building>					
	<Building id='15001'>					
		<body_type>0</body_type>				
		<body_shape>0</body_shape>				
		<body_radius>2.83</body_radius>				
		<body_friction>0</body_friction>				
		<body_restitution>0</body_restitution>				
		<type>3</type>				
		<c_name>大本营</c_name>				
		<c_hp cP='0.1'>2400</c_hp>				
		<c_moveSpeed>0</c_moveSpeed>				
		<c_magicResist>0.6</c_magicResist>				
		<c_scanRange>8</c_scanRange>				
		<c_attackTargetType>0x0013</c_attackTargetType>				
		<c_attackDamage cP='0.1'>50</c_attackDamage>				
		<c_damageType>0</c_damageType>				
		<c_attackDelay>0.135</c_attackDelay>				
		<c_attackCD>1</c_attackCD>				
		<c_attackRange>8</c_attackRange>				
		<c_attackProjectileType>2</c_attackProjectileType>				
		<c_projectileFlySpeed>0</c_projectileFlySpeed>				
		<c_projectileLaunchSlope>0</c_projectileLaunchSlope>				
		<c_projectileSkinId>115001</c_projectileSkinId>				
		<c_attackSputterType>0</c_attackSputterType>				
		<c_attackSputterMultiple>0.5</c_attackSputterMultiple>				
		<c_skinId>15001</c_skinId>				
		<c_launchX>40</c_launchX>				
		<c_launchZ>135</c_launchZ>				
		<c_hpbarZ>70</c_hpbarZ><c_hpbarX>0</c_hpbarX><c_hpbarWidth>72</c_hpbarWidth>				
		<c_hitZ>75</c_hitZ>				
		<c_displayLayer>0</c_displayLayer>				
		<c_freezeRotation>1</c_freezeRotation>				
	</Building>					
	<Building id='15014'>					
		<body_type>0</body_type>				
		<body_shape>0</body_shape>				
		<body_radius>2.12</body_radius>				
		<body_friction>0</body_friction>				
		<body_restitution>0</body_restitution>				
		<type>2</type>				
		<c_name>防御塔</c_name>				
		<c_hp cP='0.1'>1400</c_hp>				
		<c_moveSpeed>0</c_moveSpeed>				
		<c_magicResist>0.6</c_magicResist>				
		<c_scanRange>8.5</c_scanRange>				
		<c_attackTargetType>0x0013</c_attackTargetType>				
		<c_attackDamage cP='0.1'>50</c_attackDamage>				
		<c_damageType>0</c_damageType>				
		<c_attackDelay>0.315</c_attackDelay>				
		<c_attackCD>0.8</c_attackCD>				
		<c_attackRange>8.5</c_attackRange>				
		<c_attackProjectileType>1</c_attackProjectileType>				
		<c_attackSputterType>0</c_attackSputterType>				
		<c_projectileFlySpeed>17</c_projectileFlySpeed>				
		<c_projectileLaunchSlope>0.3</c_projectileLaunchSlope>				
		<c_projectileSkinId>115014</c_projectileSkinId>				
		<c_skinId>15014</c_skinId>				
		<c_launchX>30</c_launchX>				
		<c_launchZ>60</c_launchZ>				
		<c_hpbarZ>75</c_hpbarZ><c_hpbarX>0</c_hpbarX><c_hpbarWidth>58</c_hpbarWidth>				
		<c_hitZ>60</c_hitZ>				
		<c_freezeRotation>1</c_freezeRotation>				
	</Building>					
	<Building id='15016'>					
		<body_type>0</body_type>				
		<body_shape>0</body_shape>				
		<body_radius>2.12</body_radius>				
		<body_friction>0</body_friction>				
		<body_restitution>0</body_restitution>				
		<type>2</type>				
		<c_name>守护塔</c_name>				
		<c_hp cP='0.1'>1400</c_hp>				
		<c_moveSpeed>0</c_moveSpeed>				
		<c_magicResist>0.6</c_magicResist>				
		<c_scanRange>8.5</c_scanRange>				
		<c_attackTargetType>0x0013</c_attackTargetType>				
		<c_attackDamage cP='0.1'>50</c_attackDamage>				
		<c_damageType>0</c_damageType>				
		<c_attackDelay>0.315</c_attackDelay>				
		<c_attackCD>0.8</c_attackCD>				
		<c_attackRange>8.5</c_attackRange>				
		<c_attackProjectileType>1</c_attackProjectileType>				
		<c_attackSputterType>0</c_attackSputterType>				
		<c_projectileFlySpeed>17</c_projectileFlySpeed>				
		<c_projectileLaunchSlope>0.3</c_projectileLaunchSlope>				
		<c_projectileSkinId>115016</c_projectileSkinId>				
		<c_skinId>15016</c_skinId>				
		<c_launchX>30</c_launchX>				
		<c_launchZ>60</c_launchZ>				
		<c_hpbarZ>75</c_hpbarZ><c_hpbarX>0</c_hpbarX><c_hpbarWidth>58</c_hpbarWidth>				
		<c_hitZ>60</c_hitZ>				
		<c_freezeRotation>1</c_freezeRotation>				
	</Building>					
	<Soldier id='12101'>					
		<body_type>2</body_type>				
		<body_shape>0</body_shape>				
		<body_radius>0.4</body_radius>				
		<body_density>1</body_density>				
		<type>0</type>				
		<c_name>步兵阵</c_name>				
		<c_moveSpeed>2.48</c_moveSpeed>				
		<c_scanRange>5</c_scanRange>				
		<c_hp>32</c_hp>				
		<c_armor>0</c_armor>				
		<c_magicResist>0</c_magicResist>				
		<c_attackTargetType>0x0013</c_attackTargetType>				
		<c_attackDamage>32</c_attackDamage>				
		<c_damageType>0</c_damageType>				
		<c_attackDelay>0.45</c_attackDelay>				
		<c_attackCD>0.7</c_attackCD>				
		<c_attackRange>0</c_attackRange>				
		<c_attackProjectileType>0</c_attackProjectileType>				
		<c_attackSputterType>0</c_attackSputterType>				
		<c_skinId>12101</c_skinId>				
		<c_skinScale>0.75</c_skinScale>				
		<c_hpbarZ>55</c_hpbarZ><c_hpbarX>0</c_hpbarX><c_hpbarWidth>15</c_hpbarWidth>				
		<c_hitZ>42</c_hitZ>				
		<c_waittime>1</c_waittime>				
		<Skills>				
			<DeathAnimation>			
				<castSkinId>444</castSkinId>		
			</DeathAnimation>			
		</Skills>				
	</Soldier>					
	<Soldier id='12103'>					
		<body_type>2</body_type>				
		<body_shape>0</body_shape>				
		<body_radius>0.5</body_radius>				
		<body_density>1</body_density>				
		<type>0</type>				
		<c_name>弓兵小队</c_name>				
		<c_moveSpeed>1.1</c_moveSpeed>				
		<c_scanRange>5.5</c_scanRange>				
		<c_hp>125</c_hp>				
		<c_armor>0</c_armor>				
		<c_magicResist>0</c_magicResist>				
		<c_attackTargetType>0x0013</c_attackTargetType>				
		<c_attackDamage>41</c_attackDamage>				
		<c_damageType>0</c_damageType>				
		<c_attackDelay>0.54</c_attackDelay>				
		<c_attackCD>1.2</c_attackCD>				
		<c_attackRange>5.5</c_attackRange>				
		<c_attackProjectileType>1</c_attackProjectileType>				
		<c_projectileFlySpeed>14</c_projectileFlySpeed>				
		<c_projectileLaunchSlope>0.6</c_projectileLaunchSlope>				
		<c_projectileSkinId>15003</c_projectileSkinId>				
		<c_attackSputterType>0</c_attackSputterType>				
		<c_skinId>12103</c_skinId>				
		<c_skinScale>0.75</c_skinScale>				
		<c_launchX>36</c_launchX>				
		<c_launchZ>41</c_launchZ>				
		<c_hpbarZ>55</c_hpbarZ><c_hpbarX>0</c_hpbarX><c_hpbarWidth>25</c_hpbarWidth>				
		<c_hitZ>42</c_hitZ>				
		<c_waittime>1</c_waittime>				
		<Skills>				
			<DeathAnimation>			
				<castSkinId>444</castSkinId>		
			</DeathAnimation>			
		</Skills>				
	</Soldier>					
	<Soldier id='12104'>					
		<body_type>2</body_type>				
		<body_shape>0</body_shape>				
		<body_radius>0.5</body_radius>				
		<body_density>1</body_density>				
		<type>0</type>				
		<c_name>巫师小队</c_name>				
		<c_moveSpeed>1.98</c_moveSpeed>				
		<c_scanRange>5</c_scanRange>				
		<c_hp>43</c_hp>				
		<c_armor>0</c_armor>				
		<c_magicResist>0</c_magicResist>				
		<c_attackTargetType>0x0013</c_attackTargetType>				
		<c_attackDamage>80</c_attackDamage>				
		<c_damageType>0</c_damageType>				
		<c_attackDelay>0.54</c_attackDelay>				
		<c_attackCD>2</c_attackCD>				
		<c_attackRange>2</c_attackRange>				
		<c_attackProjectileType>1</c_attackProjectileType>				
		<c_projectileFlySpeed>9.5</c_projectileFlySpeed>				
		<c_projectileLaunchSlope>0</c_projectileLaunchSlope>				
		<c_projectileSkinId>15003</c_projectileSkinId>				
		<c_attackSputterType>1</c_attackSputterType>				
		<c_attackSputterRange>1</c_attackSputterRange>				
		<c_skinId>12104</c_skinId>				
		<c_skinScale>0.75</c_skinScale>				
		<c_launchX>36</c_launchX>				
		<c_launchZ>41</c_launchZ>				
		<c_hpbarZ>50</c_hpbarZ><c_hpbarX>0</c_hpbarX><c_hpbarWidth>25</c_hpbarWidth>				
		<c_hitZ>42</c_hitZ>				
		<c_waittime>1</c_waittime>				
		<Skills>				
			<SuicideAttack>			
			</SuicideAttack>			
			<DeathAnimation>			
				<castSkinId>444</castSkinId>		
			</DeathAnimation>			
		</Skills>				
	</Soldier>					
	<Soldier id='12105'>					
		<body_type>2</body_type>				
		<body_shape>0</body_shape>				
		<body_radius>0.5</body_radius>				
		<body_density>1</body_density>				
		<type>0</type>				
		<c_name>枪兵小队</c_name>				
		<c_moveSpeed>1.98</c_moveSpeed>				
		<c_scanRange>5</c_scanRange>				
		<c_hp>32</c_hp>				
		<c_armor>0</c_armor>				
		<c_magicResist>0</c_magicResist>				
		<c_attackTargetType>0x0013</c_attackTargetType>				
		<c_attackDamage>32</c_attackDamage>				
		<c_damageType>0</c_damageType>				
		<c_attackDelay>0.45</c_attackDelay>				
		<c_attackCD>1</c_attackCD>				
		<c_attackRange>0</c_attackRange>				
		<c_attackProjectileType>0</c_attackProjectileType>				
		<c_attackSputterType>0</c_attackSputterType>				
		<c_skinId>12105</c_skinId>				
		<c_skinScale>0.75</c_skinScale>				
		<c_hpbarZ>50</c_hpbarZ><c_hpbarX>0</c_hpbarX><c_hpbarWidth>25</c_hpbarWidth>				
		<c_hitZ>42</c_hitZ>				
		<c_waittime>1</c_waittime>				
		<Skills>				
			<DeathAnimation>			
				<castSkinId>444</castSkinId>		
			</DeathAnimation>			
		</Skills>				
	</Soldier>					
	<Soldier id='12201'>					
		<body_type>2</body_type>				
		<body_shape>0</body_shape>				
		<body_radius>0.6</body_radius>				
		<body_density>1</body_density>				
		<type>0</type>				
		<c_name>勇士小队</c_name>				
		<c_moveSpeed>1.45</c_moveSpeed>				
		<c_scanRange>5</c_scanRange>				
		<c_hp>300</c_hp>				
		<c_armor>0</c_armor>				
		<c_magicResist>0</c_magicResist>				
		<c_attackTargetType>0x0013</c_attackTargetType>				
		<c_attackDamage>75</c_attackDamage>				
		<c_damageType>0</c_damageType>				
		<c_attackDelay>0.45</c_attackDelay>				
		<c_attackCD>1.5</c_attackCD>				
		<c_attackRange>0</c_attackRange>				
		<c_attackProjectileType>0</c_attackProjectileType>				
		<c_attackSputterType>0</c_attackSputterType>				
		<c_skinId>12201</c_skinId>				
		<c_skinScale>0.9</c_skinScale>				
		<c_hpbarZ>57</c_hpbarZ><c_hpbarX>0</c_hpbarX><c_hpbarWidth>42</c_hpbarWidth>				
		<c_hitZ>44</c_hitZ>				
		<c_waittime>1</c_waittime>				
		<Skills>				
			<DeathAnimation>			
				<castSkinId>444</castSkinId>		
			</DeathAnimation>			
		</Skills>				
	</Soldier>					
	<Soldier id='12202'>					
		<body_type>2</body_type>				
		<body_shape>0</body_shape>				
		<body_radius>0.4</body_radius>				
		<body_density>1</body_density>				
		<type>0</type>				
		<c_name>盾步兵阵</c_name>				
		<c_moveSpeed>2.48</c_moveSpeed>				
		<c_scanRange>5</c_scanRange>				
		<c_hp>80</c_hp>				
		<c_armor>0</c_armor>				
		<c_magicResist>0</c_magicResist>				
		<c_attackTargetType>0x0013</c_attackTargetType>				
		<c_attackDamage>45</c_attackDamage>				
		<c_damageType>0</c_damageType>				
		<c_attackDelay>0.35</c_attackDelay>				
		<c_attackCD>0.7</c_attackCD>				
		<c_attackRange>0</c_attackRange>				
		<c_attackProjectileType>0</c_attackProjectileType>				
		<c_attackSputterType>0</c_attackSputterType>				
		<c_skinId>12202</c_skinId>				
		<c_skinScale>0.75</c_skinScale>				
		<c_hpbarZ>50</c_hpbarZ><c_hpbarX>0</c_hpbarX><c_hpbarWidth>15</c_hpbarWidth>				
		<c_hitZ>43</c_hitZ>				
		<c_waittime>1</c_waittime>				
		<Skills>				
			<DeathAnimation>			
				<castSkinId>444</castSkinId>		
			</DeathAnimation>			
		</Skills>				
	</Soldier>					
	<Soldier id='12206'>					
		<body_type>2</body_type>				
		<body_shape>0</body_shape>				
		<body_radius>0.7</body_radius>				
		<body_density>1</body_density>				
		<type>0</type>				
		<c_name>长弓小队</c_name>				
		<c_moveSpeed>1.45</c_moveSpeed>				
		<c_scanRange>5.5</c_scanRange>				
		<c_hp>52</c_hp>				
		<c_armor>0</c_armor>				
		<c_magicResist>0</c_magicResist>				
		<c_attackTargetType>0x0013</c_attackTargetType>				
		<c_attackDamage>50</c_attackDamage>				
		<c_damageType>0</c_damageType>				
		<c_attackDelay>0.315</c_attackDelay>				
		<c_attackCD>1.3</c_attackCD>				
		<c_attackRange>5.5</c_attackRange>				
		<c_attackProjectileType>1</c_attackProjectileType>				
		<c_projectileFlySpeed>15</c_projectileFlySpeed>				
		<c_projectileLaunchSlope>0.6</c_projectileLaunchSlope>				
		<c_projectileSkinId>15003</c_projectileSkinId>				
		<c_attackSputterType>0</c_attackSputterType>				
		<c_skinId>12206</c_skinId>				
		<c_skinScale>0.75</c_skinScale>				
		<c_launchX>36</c_launchX>				
		<c_launchZ>54</c_launchZ>				
		<c_hpbarZ>55</c_hpbarZ><c_hpbarX>0</c_hpbarX><c_hpbarWidth>25</c_hpbarWidth>				
		<c_hitZ>49</c_hitZ>				
		<c_waittime>1</c_waittime>				
		<Skills>				
			<DeathAnimation>			
				<castSkinId>444</castSkinId>		
			</DeathAnimation>			
		</Skills>				
	</Soldier>					
	<Soldier id='12209'>					
		<body_type>2</body_type>				
		<body_shape>0</body_shape>				
		<body_radius>0.5</body_radius>				
		<body_density>1</body_density>				
		<type>0</type>				
		<c_name>重枪兵小队</c_name>				
		<c_moveSpeed>1.98</c_moveSpeed>				
		<c_scanRange>5</c_scanRange>				
		<c_hp>90</c_hp>				
		<c_armor>0</c_armor>				
		<c_magicResist>0</c_magicResist>				
		<c_attackTargetType>0x0013</c_attackTargetType>				
		<c_attackDamage>58</c_attackDamage>				
		<c_damageType>0</c_damageType>				
		<c_attackDelay>0.32</c_attackDelay>				
		<c_attackCD>0.9</c_attackCD>				
		<c_attackRange>0</c_attackRange>				
		<c_attackProjectileType>0</c_attackProjectileType>				
		<c_attackSputterType>0</c_attackSputterType>				
		<c_skinId>12209</c_skinId>				
		<c_skinScale>0.75</c_skinScale>				
		<c_hpbarZ>50</c_hpbarZ><c_hpbarX>0</c_hpbarX><c_hpbarWidth>25</c_hpbarWidth>				
		<c_hitZ>43</c_hitZ>				
		<c_waittime>1.2</c_waittime>				
		<Skills>				
			<DeathAnimation>			
				<castSkinId>444</castSkinId>		
			</DeathAnimation>			
		</Skills>				
	</Soldier>					
	<Soldier id='12210'>					
		<body_type>2</body_type>				
		<body_shape>0</body_shape>				
		<body_radius>0.4</body_radius>				
		<body_density>1</body_density>				
		<type>0</type>				
		<c_name>鬼兵大军</c_name>				
		<c_moveSpeed>1.98</c_moveSpeed>				
		<c_scanRange>5</c_scanRange>				
		<c_hp>90</c_hp>				
		<c_armor>0</c_armor>				
		<c_magicResist>0</c_magicResist>				
		<c_attackTargetType>0x0013</c_attackTargetType>				
		<c_attackDamage>40</c_attackDamage>				
		<c_damageType>0</c_damageType>				
		<c_attackDelay>0.3</c_attackDelay>				
		<c_attackCD>1</c_attackCD>				
		<c_attackRange>2</c_attackRange>				
		<c_attackProjectileType>1</c_attackProjectileType>				
		<c_projectileFlySpeed>11</c_projectileFlySpeed>				
		<c_projectileLaunchSlope>0.6</c_projectileLaunchSlope>				
		<c_projectileSkinId>15003</c_projectileSkinId>				
		<c_attackSputterType>0</c_attackSputterType>				
		<c_skinId>12210</c_skinId>				
		<c_skinScale>0.75</c_skinScale>				
		<c_launchX>47</c_launchX>				
		<c_launchZ>41</c_launchZ>				
		<c_hpbarZ>50</c_hpbarZ><c_hpbarX>0</c_hpbarX><c_hpbarWidth>25</c_hpbarWidth>				
		<c_hitZ>41</c_hitZ>				
		<c_waittime>1</c_waittime>				
		<Skills>				
			<DeathAnimation>			
				<castSkinId>444</castSkinId>		
			</DeathAnimation>			
		</Skills>				
	</Soldier>					
	<Soldier id='12311'>					
		<body_type>2</body_type>				
		<body_shape>0</body_shape>				
		<body_radius>0.6</body_radius>				
		<body_density>1</body_density>				
		<type>0</type>				
		<c_name>烈焰小队</c_name>				
		<c_moveSpeed>1.45</c_moveSpeed>				
		<c_scanRange>6.5</c_scanRange>				
		<c_hp>340</c_hp>				
		<c_armor>0</c_armor>				
		<c_magicResist>0</c_magicResist>				
		<c_attackTargetType>0x0013</c_attackTargetType>				
		<c_attackDamage>100</c_attackDamage>				
		<c_damageType>0</c_damageType>				
		<c_attackDelay>0.315</c_attackDelay>				
		<c_attackCD>1.1</c_attackCD>				
		<c_attackRange>6.5</c_attackRange>				
		<c_attackProjectileType>1</c_attackProjectileType>				
		<c_projectileFlySpeed>16</c_projectileFlySpeed>				
		<c_projectileLaunchSlope>0.6</c_projectileLaunchSlope>				
		<c_projectileSkinId>112311</c_projectileSkinId>				
		<c_attackSputterType>0</c_attackSputterType>				
		<c_skinId>12311</c_skinId>				
		<c_skinScale>0.75</c_skinScale>				
		<c_launchX>42</c_launchX>				
		<c_launchZ>50</c_launchZ>				
		<c_hpbarZ>50</c_hpbarZ><c_hpbarX>0</c_hpbarX><c_hpbarWidth>42</c_hpbarWidth>				
		<c_hitZ>40</c_hitZ>				
		<c_waittime>1</c_waittime>				
		<Skills>				
			<DeathAnimation>			
				<castSkinId>444</castSkinId>		
			</DeathAnimation>			
		</Skills>				
	</Soldier>					
	<Soldier id='12321'>					
		<body_type>2</body_type>				
		<body_shape>0</body_shape>				
		<body_radius>0.4</body_radius>				
		<body_density>1</body_density>				
		<type>0</type>				
		<c_name>鬼兵阵</c_name>				
		<c_moveSpeed>1.98</c_moveSpeed>				
		<c_scanRange>5</c_scanRange>				
		<c_hp>90</c_hp>				
		<c_armor>0</c_armor>				
		<c_magicResist>0</c_magicResist>				
		<c_attackTargetType>0x0013</c_attackTargetType>				
		<c_attackDamage>65</c_attackDamage>				
		<c_damageType>0</c_damageType>				
		<c_attackDelay>0.3</c_attackDelay>				
		<c_attackCD>1</c_attackCD>				
		<c_attackRange>2</c_attackRange>				
		<c_attackProjectileType>1</c_attackProjectileType>				
		<c_projectileFlySpeed>11</c_projectileFlySpeed>				
		<c_projectileLaunchSlope>0</c_projectileLaunchSlope>				
		<c_projectileSkinId>15003</c_projectileSkinId>				
		<c_attackSputterType>0</c_attackSputterType>				
		<c_skinId>12321</c_skinId>				
		<c_skinScale>0.75</c_skinScale>				
		<c_launchX>47</c_launchX>				
		<c_launchZ>41</c_launchZ>				
		<c_hpbarZ>50</c_hpbarZ><c_hpbarX>0</c_hpbarX><c_hpbarWidth>25</c_hpbarWidth>				
		<c_hitZ>41</c_hitZ>				
		<c_waittime>1</c_waittime>				
		<Skills>				
			<DeathAnimation>			
				<castSkinId>444</castSkinId>		
			</DeathAnimation>			
		</Skills>				
	</Soldier>					
	<Soldier id='12326'>					
		<body_type>2</body_type>				
		<body_shape>0</body_shape>				
		<body_radius>0.7</body_radius>				
		<body_density>1</body_density>				
		<type>1</type>				
		<c_name>木牛流马</c_name>				
		<c_moveSpeed>1.1</c_moveSpeed>				
		<c_scanRange>5</c_scanRange>				
		<c_hp>1200</c_hp>				
		<c_armor>0</c_armor>				
		<c_magicResist>0</c_magicResist>				
		<c_attackTargetType>0x0013</c_attackTargetType>				
		<c_attackDamage>1300</c_attackDamage>				
		<c_damageType>0</c_damageType>				
		<c_attackDelay>0.315</c_attackDelay>				
		<c_attackCD>5</c_attackCD>				
		<c_attackRange>4.5</c_attackRange>				
		<c_attackProjectileType>1</c_attackProjectileType>				
		<c_projectileFlySpeed>9</c_projectileFlySpeed>				
		<c_projectileLaunchSlope>0</c_projectileLaunchSlope>				
		<c_projectileSkinId>15003</c_projectileSkinId>				
		<c_attackSputterType>2</c_attackSputterType>				
		<c_attackSputterRange>2</c_attackSputterRange>				
		<c_skinId>12326</c_skinId>				
		<c_skinScale>1</c_skinScale>				
		<c_launchX>36</c_launchX>				
		<c_launchZ>41</c_launchZ>				
		<c_hpbarZ>50</c_hpbarZ><c_hpbarX>0</c_hpbarX><c_hpbarWidth>42</c_hpbarWidth>				
		<c_hitZ>42</c_hitZ>				
		<c_waittime>1</c_waittime>				
	</Soldier>					
	<Soldier id='12511'>					
		<body_type>2</body_type>				
		<body_shape>0</body_shape>				
		<body_radius>1</body_radius>				
		<body_density>100000</body_density>				
		<type>0</type>				
		<c_name>董卓</c_name>				
		<c_moveSpeed>1.1</c_moveSpeed>				
		<c_scanRange>5</c_scanRange>				
		<c_hp>2400</c_hp>				
		<c_armor>0</c_armor>				
		<c_magicResist>0</c_magicResist>				
		<c_attackTargetType>0x0012</c_attackTargetType>				
		<c_attackDamage>93</c_attackDamage>				
		<c_damageType>0</c_damageType>				
		<c_attackDelay>0.71</c_attackDelay>				
		<c_attackCD>2</c_attackCD>				
		<c_attackRange>0</c_attackRange>				
		<c_attackProjectileType>0</c_attackProjectileType>				
		<c_attackSputterType>0</c_attackSputterType>				
		<c_skinId>12511</c_skinId>				
		<c_skinScale>1.1</c_skinScale>				
		<c_hpbarZ>57</c_hpbarZ><c_hpbarX>0</c_hpbarX><c_hpbarWidth>42</c_hpbarWidth>				
		<c_hitZ>43</c_hitZ>				
		<c_waittime>3</c_waittime>				
		<Skills>				
			<AutoSpawn>			
				<spawnId>12202</spawnId>		
				<spawnAmount>2</spawnAmount>		
				<spawnCD>9999</spawnCD>		
			</AutoSpawn>			
			<DeathAnimation>			
				<castSkinId>444</castSkinId>		
			</DeathAnimation>			
		</Skills>				
	</Soldier>					
	<Soldier id='12512'>					
		<body_type>2</body_type>				
		<body_shape>0</body_shape>				
		<body_radius>0.8</body_radius>				
		<body_density>10000</body_density>				
		<type>0</type>				
		<c_name>吕布</c_name>				
		<c_moveSpeed>1.45</c_moveSpeed>				
		<c_scanRange>5</c_scanRange>				
		<c_hp>700</c_hp>				
		<c_armor>0</c_armor>				
		<c_magicResist>0</c_magicResist>				
		<c_attackTargetType>0x0013</c_attackTargetType>				
		<c_attackDamage>215</c_attackDamage>				
		<c_damageType>0</c_damageType>				
		<c_attackDelay>0.35</c_attackDelay>				
		<c_attackCD>1.5</c_attackCD>				
		<c_attackRange>0</c_attackRange>				
		<c_attackProjectileType>0</c_attackProjectileType>				
		<c_attackSputterType>2</c_attackSputterType>				
		<c_skinId>12512</c_skinId>				
		<c_skinScale>1</c_skinScale>				
		<c_hpbarZ>81</c_hpbarZ><c_hpbarX>0</c_hpbarX><c_hpbarWidth>42</c_hpbarWidth>				
		<c_hitZ>62</c_hitZ>				
		<c_waittime>1</c_waittime>				
		<Skills>				
			<!--<FirmShield>			
				<duration>99999</duration>		
				<shieldMultiple>0.28</shieldMultiple>		
				<buffSkinId>1012512</buffSkinId>		
			</FirmShield>-->			
			<DeathAnimation>			
				<castSkinId>444</castSkinId>		
			</DeathAnimation>			
		</Skills>				
	</Soldier>					
	<Soldier id='12540'>					
		<body_type>2</body_type>				
		<body_shape>0</body_shape>				
		<body_radius>0.6</body_radius>				
		<body_density>1</body_density>				
		<type>0</type>				
		<c_name>孙尚香</c_name>				
		<c_moveSpeed>1.45</c_moveSpeed>				
		<c_scanRange>9.5</c_scanRange>				
		<c_hp>216</c_hp>				
		<c_armor>0</c_armor>				
		<c_magicResist>0</c_magicResist>				
		<c_attackTargetType>0x0013</c_attackTargetType>				
		<c_attackDamage>150</c_attackDamage>				
		<c_damageType>0</c_damageType>				
		<c_attackDelay>0.45</c_attackDelay>				
		<c_attackCD>3</c_attackCD>				
		<c_attackRange>9.5</c_attackRange>				
		<c_attackProjectileType>1</c_attackProjectileType>				
		<c_projectileFlySpeed>12.5</c_projectileFlySpeed>				
		<c_projectileLaunchSlope>0.6</c_projectileLaunchSlope>				
		<c_projectileSkinId>15003</c_projectileSkinId>				
		<c_attackSputterType>2</c_attackSputterType>				
		<c_attackSputterRange>1</c_attackSputterRange>				
		<c_skinId>12540</c_skinId>				
		<c_skinScale>0.82</c_skinScale>				
		<c_launchX>36</c_launchX>				
		<c_launchZ>41</c_launchZ>				
		<c_hpbarZ>60</c_hpbarZ><c_hpbarX>0</c_hpbarX><c_hpbarWidth>42</c_hpbarWidth>				
		<c_hitZ>42</c_hitZ>				
		<c_waittime>1</c_waittime>				
		<c_attackSputterRange>0.8</c_attackSputterRange>				
		<Skills>				
			<DeathAnimation>			
				<castSkinId>444</castSkinId>		
			</DeathAnimation>			
		</Skills>				
	</Soldier>					
	<Soldier id='12541'>					
		<body_type>2</body_type>				
		<body_shape>0</body_shape>				
		<body_radius>0.8</body_radius>				
		<body_density>100000</body_density>				
		<type>0</type>				
		<c_name>张辽</c_name>				
		<c_moveSpeed>1.98</c_moveSpeed>				
		<c_scanRange>5</c_scanRange>				
		<c_hp>420</c_hp>				
		<c_armor>0</c_armor>				
		<c_magicResist>0</c_magicResist>				
		<c_attackTargetType>0x0013</c_attackTargetType>				
		<c_attackDamage>100</c_attackDamage>				
		<c_damageType>0</c_damageType>				
		<c_attackDelay>0.35</c_attackDelay>				
		<c_attackCD>1</c_attackCD>				
		<c_attackRange>0</c_attackRange>				
		<c_attackProjectileType>0</c_attackProjectileType>				
		<c_attackSputterType>2</c_attackSputterType>				
		<c_skinId>12541</c_skinId>				
		<c_skinScale>1.1</c_skinScale>				
		<c_hpbarZ>63</c_hpbarZ><c_hpbarX>0</c_hpbarX><c_hpbarWidth>42</c_hpbarWidth>				
		<c_hitZ>49</c_hitZ>				
		<c_waittime>1</c_waittime>				
		<c_attackSputterRange>1</c_attackSputterRange>				
		<Skills>				
			<DeathAnimation>			
				<castSkinId>444</castSkinId>		
			</DeathAnimation>			
		</Skills>				
	</Soldier>					
	<Soldier id='12542'>					
		<body_type>2</body_type>				
		<body_shape>0</body_shape>				
		<body_radius>0.8</body_radius>				
		<body_density>10000</body_density>				
		<type>0</type>				
		<c_name>夏侯渊</c_name>				
		<c_moveSpeed>1.1</c_moveSpeed>				
		<c_scanRange>6.5</c_scanRange>				
		<c_hp>1200</c_hp>				
		<c_armor>0</c_armor>				
		<c_magicResist>0</c_magicResist>				
		<c_attackTargetType>0x0012</c_attackTargetType>				
		<c_attackDamage>75</c_attackDamage>				
		<c_damageType>0</c_damageType>				
		<c_attackDelay>0.55</c_attackDelay>				
		<c_attackCD>1.7</c_attackCD>				
		<c_attackRange>7</c_attackRange>				
		<c_attackProjectileType>1</c_attackProjectileType>				
		<c_projectileFlySpeed>15.5</c_projectileFlySpeed>				
		<c_projectileLaunchSlope>0</c_projectileLaunchSlope>				
		<c_projectileSkinId>112542</c_projectileSkinId>				
		<c_attackSputterType>0</c_attackSputterType>				
		<c_skinId>12542</c_skinId>				
		<c_skinScale>1.1</c_skinScale>				
		<c_launchX>43</c_launchX>				
		<c_launchZ>46</c_launchZ>				
		<c_hpbarZ>63</c_hpbarZ><c_hpbarX>0</c_hpbarX><c_hpbarWidth>42</c_hpbarWidth>				
		<c_hitZ>58</c_hitZ>				
		<c_waittime>3</c_waittime>				
		<Skills>				
			<DeathAnimation>			
				<castSkinId>444</castSkinId>		
			</DeathAnimation>			
		</Skills>				
	</Soldier>					
	<Soldier id='12544'>					
		<body_type>2</body_type>				
		<body_shape>0</body_shape>				
		<body_radius>0.7</body_radius>				
		<body_density>100000</body_density>				
		<type>0</type>				
		<c_name>太史慈</c_name>				
		<c_moveSpeed>1.1</c_moveSpeed>				
		<c_scanRange>5</c_scanRange>				
		<c_hp>2970</c_hp>				
		<c_armor>0</c_armor>				
		<c_magicResist>0</c_magicResist>				
		<c_attackTargetType>0x0012</c_attackTargetType>				
		<c_attackDamage>45</c_attackDamage>				
		<c_damageType>0</c_damageType>				
		<c_attackDelay>0.6</c_attackDelay>				
		<c_attackCD>1.3</c_attackCD>				
		<c_attackRange>2</c_attackRange>				
		<c_attackProjectileType>1</c_attackProjectileType>				
		<c_projectileFlySpeed>10</c_projectileFlySpeed>				
		<c_projectileLaunchSlope>0</c_projectileLaunchSlope>				
		<c_projectileSkinId>15003</c_projectileSkinId>				
		<c_attackSputterType>0</c_attackSputterType>				
		<c_skinId>12544</c_skinId>				
		<c_skinScale>1.2</c_skinScale>				
		<c_launchX>36</c_launchX>				
		<c_launchZ>41</c_launchZ>				
		<c_hpbarZ>56</c_hpbarZ><c_hpbarX>0</c_hpbarX><c_hpbarWidth>42</c_hpbarWidth>				
		<c_hitZ>42</c_hitZ>				
		<c_waittime>1</c_waittime>				
		<Skills>				
			<DeathSpawn>			
				<spawnId>12101</spawnId>		
				<spawnAmount>6</spawnAmount>		
				<spawnDelay>0.1</spawnDelay><!-- 召唤延迟 -->		
			</DeathSpawn>			
			<DeathAnimation>			
				<castSkinId>444</castSkinId>		
			</DeathAnimation>			
		</Skills>				
	</Soldier>					
	<Soldier id='12545'>					
		<body_type>2</body_type>				
		<body_shape>0</body_shape>				
		<body_radius>0.7</body_radius>				
		<body_density>1</body_density>				
		<type>0</type>				
		<c_name>胡车儿</c_name>				
		<c_moveSpeed>1.98</c_moveSpeed>				
		<c_scanRange>5</c_scanRange>				
		<c_hp>996</c_hp>				
		<c_armor>0</c_armor>				
		<c_magicResist>0</c_magicResist>				
		<c_attackTargetType>0x0013</c_attackTargetType>				
		<c_attackDamage>160</c_attackDamage>				
		<c_damageType>0</c_damageType>				
		<c_attackDelay>0.3</c_attackDelay>				
		<c_attackCD>1.2</c_attackCD>				
		<c_attackRange>0</c_attackRange>				
		<c_attackProjectileType>0</c_attackProjectileType>				
		<c_attackSputterType>0</c_attackSputterType>				
		<c_skinId>12545</c_skinId>				
		<c_skinScale>1</c_skinScale>				
		<c_hpbarZ>50</c_hpbarZ><c_hpbarX>0</c_hpbarX><c_hpbarWidth>42</c_hpbarWidth>				
		<c_hitZ>35</c_hitZ>				
		<c_waittime>1</c_waittime>				
		<Skills>				
			<DeathAnimation>			
				<castSkinId>444</castSkinId>		
			</DeathAnimation>			
		</Skills>				
	</Soldier>					
	<Soldier id='12579'>					
		<body_type>2</body_type>				
		<body_shape>0</body_shape>				
		<body_radius>0.7</body_radius>				
		<body_density>1</body_density>				
		<type>0</type>				
		<c_name>貂蝉</c_name>				
		<c_moveSpeed>1.45</c_moveSpeed>				
		<c_scanRange>5.5</c_scanRange>				
		<c_hp>500</c_hp>				
		<c_armor>0</c_armor>				
		<c_magicResist>0</c_magicResist>				
		<c_attackTargetType>0x0013</c_attackTargetType>				
		<c_attackDamage>49</c_attackDamage>				
		<c_damageType>0</c_damageType>				
		<c_attackDelay>0.315</c_attackDelay>				
		<c_attackCD>0.7</c_attackCD>				
		<c_attackRange>5.5</c_attackRange>				
		<c_attackProjectileType>1</c_attackProjectileType>				
		<c_projectileFlySpeed>17</c_projectileFlySpeed>				
		<c_projectileLaunchSlope>0</c_projectileLaunchSlope>				
		<c_projectileSkinId>15003</c_projectileSkinId>				
		<c_attackSputterType>0</c_attackSputterType>				
		<c_attackSputterRange>0.8</c_attackSputterRange>				
		<c_skinId>12579</c_skinId>				
		<c_skinScale>0.8</c_skinScale>				
		<c_launchX>36</c_launchX>				
		<c_launchZ>58</c_launchZ>				
		<c_hpbarZ>75</c_hpbarZ><c_hpbarX>0</c_hpbarX><c_hpbarWidth>42</c_hpbarWidth>				
		<c_hitZ>56</c_hitZ>				
		<c_waittime>1</c_waittime>				
		<Skills>				
			<AutoSpawn>			
				<spawnId>12101</spawnId>		
				<spawnAmount>2</spawnAmount>		
				<spawnCD>10</spawnCD>		
			</AutoSpawn>			
			<DeathAnimation>			
				<castSkinId>444</castSkinId>		
			</DeathAnimation>			
		</Skills>				
	</Soldier>					
	<Soldier id='12582'>					
		<body_type>2</body_type>				
		<body_shape>0</body_shape>				
		<body_radius>0.8</body_radius>				
		<body_density>100000</body_density>				
		<type>0</type>				
		<c_name>张飞</c_name>				
		<c_moveSpeed>1.1</c_moveSpeed>				
		<c_scanRange>5</c_scanRange>				
		<c_hp>1900</c_hp>				
		<c_armor>0</c_armor>				
		<c_magicResist>0</c_magicResist>				
		<c_attackTargetType>0x0012</c_attackTargetType>				
		<c_attackDamage>120</c_attackDamage>				
		<c_damageType>0</c_damageType>				
		<c_attackDelay>0.35</c_attackDelay>				
		<c_attackCD>1.5</c_attackCD>				
		<c_attackRange>0</c_attackRange>				
		<c_attackProjectileType>0</c_attackProjectileType>				
		<c_attackSputterType>0</c_attackSputterType>				
		<c_skinId>12582</c_skinId>				
		<c_skinScale>1.1</c_skinScale>				
		<c_hpbarZ>56</c_hpbarZ><c_hpbarX>0</c_hpbarX><c_hpbarWidth>42</c_hpbarWidth>				
		<c_hitZ>42</c_hitZ>				
		<c_waittime>1</c_waittime>				
		<Skills>				
			<DeathAnimation>			
				<castSkinId>444</castSkinId>		
			</DeathAnimation>			
		</Skills>				
	</Soldier>					
	<Soldier id='12584'>					
		<body_type>2</body_type>				
		<body_shape>0</body_shape>				
		<body_radius>0.7</body_radius>				
		<body_density>1</body_density>				
		<type>0</type>				
		<c_name>庞统</c_name>				
		<c_moveSpeed>1.98</c_moveSpeed>				
		<c_scanRange>5</c_scanRange>				
		<c_hp>800</c_hp>				
		<c_armor>0</c_armor>				
		<c_magicResist>0</c_magicResist>				
		<c_attackTargetType>0x0013</c_attackTargetType>				
		<c_attackDamage>100</c_attackDamage>				
		<c_damageType>0</c_damageType>				
		<c_attackDelay>0.54</c_attackDelay>				
		<c_attackCD>1.6</c_attackCD>				
		<c_attackRange>3.5</c_attackRange>				
		<c_attackProjectileType>2</c_attackProjectileType>				
		<c_projectileFlySpeed>10.5</c_projectileFlySpeed>				
		<c_projectileLaunchSlope>0</c_projectileLaunchSlope>				
		<c_projectileSkinId>115000</c_projectileSkinId>				
		<c_attackSputterType>2</c_attackSputterType>				
		<c_attackSputterRange>1</c_attackSputterRange>				
		<c_skinId>12584</c_skinId>				
		<c_skinScale>1</c_skinScale>				
		<c_launchX>60</c_launchX>				
		<c_launchZ>10</c_launchZ>				
		<c_hpbarZ>56</c_hpbarZ><c_hpbarX>0</c_hpbarX><c_hpbarWidth>42</c_hpbarWidth>				
		<c_hitZ>65</c_hitZ>				
		<c_waittime>1</c_waittime>				
		<Skills>				
			<DeathAnimation>			
				<castSkinId>444</castSkinId>		
			</DeathAnimation>			
		</Skills>				
	</Soldier>					
	<Soldier id='12585'>					
		<body_type>2</body_type>				
		<body_shape>0</body_shape>				
		<body_radius>1</body_radius>				
		<body_density>100000</body_density>				
		<type>0</type>				
		<c_name>马超</c_name>				
		<c_moveSpeed>1.45</c_moveSpeed>				
		<c_scanRange>5</c_scanRange>				
		<c_hp>700</c_hp>				
		<c_armor>0</c_armor>				
		<c_magicResist>0</c_magicResist>				
		<c_attackTargetType>0x0013</c_attackTargetType>				
		<c_attackDamage>185</c_attackDamage>				
		<c_damageType>0</c_damageType>				
		<c_attackDelay>0.42</c_attackDelay>				
		<c_attackCD>1.75</c_attackCD>				
		<c_attackRange>0</c_attackRange>				
		<c_attackProjectileType>0</c_attackProjectileType>				
		<c_attackSputterType>0</c_attackSputterType>				
		<c_skinId>12585</c_skinId>				
		<c_skinScale>1.02</c_skinScale>				
		<c_hpbarZ>57</c_hpbarZ><c_hpbarX>0</c_hpbarX><c_hpbarWidth>42</c_hpbarWidth>				
		<c_hitZ>53</c_hitZ>				
		<c_waittime>1</c_waittime>				
		<Skills>				
			<Charge>			
				<chargeDelay>2</chargeDelay>		
				<speedMultiple>1.86</speedMultiple>		
				<firstHitMultiple>2.0</firstHitMultiple>		
			</Charge>			
			<DeathAnimation>			
				<castSkinId>444</castSkinId>		
			</DeathAnimation>			
		</Skills>				
	</Soldier>					
	<Soldier id='12590'>					
		<body_type>2</body_type>				
		<body_shape>0</body_shape>				
		<body_radius>1</body_radius>				
		<body_density>100000</body_density>				
		<type>0</type>				
		<c_name>许褚</c_name>				
		<c_moveSpeed>1.1</c_moveSpeed>				
		<c_scanRange>5</c_scanRange>				
		<c_hp>2610</c_hp>				
		<c_armor>0</c_armor>				
		<c_magicResist>0</c_magicResist>				
		<c_attackTargetType>0x0013</c_attackTargetType>				
		<c_attackDamage>509</c_attackDamage>				
		<c_damageType>0</c_damageType>				
		<c_attackDelay>0.65</c_attackDelay>				
		<c_attackCD>1.8</c_attackCD>				
		<c_attackRange>0</c_attackRange>				
		<c_attackProjectileType>0</c_attackProjectileType>				
		<c_attackSputterType>0</c_attackSputterType>				
		<c_skinId>12590</c_skinId>				
		<c_skinScale>1.1</c_skinScale>				
		<c_hpbarZ>62</c_hpbarZ><c_hpbarX>0</c_hpbarX><c_hpbarWidth>42</c_hpbarWidth>				
		<c_hitZ>45</c_hitZ>				
		<c_waittime>3</c_waittime>				
		<Skills>				
			<DeathAnimation>			
				<castSkinId>444</castSkinId>		
			</DeathAnimation>			
		</Skills>				
	</Soldier>					
	<Soldier id='12603'>					
		<body_type>2</body_type>				
		<body_shape>0</body_shape>				
		<body_radius>0.7</body_radius>				
		<body_density>1</body_density>				
		<type>0</type>				
		<c_name>陆逊</c_name>				
		<c_moveSpeed>1.45</c_moveSpeed>				
		<c_scanRange>5.5</c_scanRange>				
		<c_hp>340</c_hp>				
		<c_armor>0</c_armor>				
		<c_magicResist>0</c_magicResist>				
		<c_attackTargetType>0x0013</c_attackTargetType>				
		<c_attackDamage>130</c_attackDamage>				
		<c_damageType>0</c_damageType>				
		<c_attackDelay>0.315</c_attackDelay>				
		<c_attackCD>1.7</c_attackCD>				
		<c_attackRange>5.5</c_attackRange>				
		<c_attackProjectileType>1</c_attackProjectileType>				
		<c_projectileFlySpeed>13</c_projectileFlySpeed>				
		<c_projectileLaunchSlope>0</c_projectileLaunchSlope>				
		<c_projectileSkinId>15003</c_projectileSkinId>				
		<c_attackSputterType>2</c_attackSputterType>				
		<c_attackSputterRange>1</c_attackSputterRange>				
		<c_skinId>12603</c_skinId>				
		<c_skinScale>1</c_skinScale>				
		<c_launchX>36</c_launchX>				
		<c_launchZ>41</c_launchZ>				
		<c_hpbarZ>56</c_hpbarZ><c_hpbarX>0</c_hpbarX><c_hpbarWidth>42</c_hpbarWidth>				
		<c_hitZ>42</c_hitZ>				
		<c_waittime>1</c_waittime>				
		<Skills>				
			<DeathAnimation>			
				<castSkinId>444</castSkinId>		
			</DeathAnimation>			
		</Skills>				
	</Soldier>					
	<Soldier id='12606'>					
		<body_type>2</body_type>				
		<body_shape>0</body_shape>				
		<body_radius>0.7</body_radius>				
		<body_density>10000</body_density>				
		<type>0</type>				
		<c_name>甘宁</c_name>				
		<c_moveSpeed>1.98</c_moveSpeed>				
		<c_scanRange>5</c_scanRange>				
		<c_hp>600</c_hp>				
		<c_armor>0</c_armor>				
		<c_magicResist>0</c_magicResist>				
		<c_attackTargetType>0x0013</c_attackTargetType>				
		<c_attackDamage>325</c_attackDamage>				
		<c_damageType>0</c_damageType>				
		<c_attackDelay>0.45</c_attackDelay>				
		<c_attackCD>1.8</c_attackCD>				
		<c_attackRange>0</c_attackRange>				
		<c_attackProjectileType>0</c_attackProjectileType>				
		<c_attackSputterType>0</c_attackSputterType>				
		<c_skinId>12606</c_skinId>				
		<c_skinScale>1</c_skinScale>				
		<c_hpbarZ>56</c_hpbarZ><c_hpbarX>0</c_hpbarX><c_hpbarWidth>42</c_hpbarWidth>				
		<c_hitZ>41</c_hitZ>				
		<c_waittime>1</c_waittime>				
		<Skills>				
			<DeathAnimation>			
				<castSkinId>444</castSkinId>		
			</DeathAnimation>			
		</Skills>				
	</Soldier>					
	<Soldier id='12608'>					
		<body_type>2</body_type>				
		<body_shape>0</body_shape>				
		<body_radius>0.85</body_radius>				
		<body_density>10000</body_density>				
		<type>0</type>				
		<c_name>郭嘉</c_name>				
		<c_moveSpeed>1.45</c_moveSpeed>				
		<c_scanRange>6</c_scanRange>				
		<c_hp>665</c_hp>				
		<c_armor>0</c_armor>				
		<c_magicResist>0</c_magicResist>				
		<c_attackTargetType>0x0013</c_attackTargetType>				
		<c_attackDamage>63</c_attackDamage>				
		<c_damageType>0</c_damageType>				
		<c_attackDelay>0.315</c_attackDelay>				
		<c_attackCD>1.5</c_attackCD>				
		<c_attackRange>6</c_attackRange>				
		<c_attackProjectileType>2</c_attackProjectileType>				
		<c_projectileFlySpeed>14.5</c_projectileFlySpeed>				
		<c_projectileLaunchSlope>0</c_projectileLaunchSlope>				
		<c_projectileSkinId>15003</c_projectileSkinId>				
		<c_attackSputterType>2</c_attackSputterType>				
		<c_attackSputterRange>1</c_attackSputterRange>				
		<c_skinId>12608</c_skinId>				
		<c_skinScale>0.8</c_skinScale>				
		<c_launchX>36</c_launchX>				
		<c_launchZ>80</c_launchZ>				
		<c_hpbarZ>86</c_hpbarZ><c_hpbarX>0</c_hpbarX><c_hpbarWidth>42</c_hpbarWidth>				
		<c_hitZ>70</c_hitZ>				
		<c_waittime>1</c_waittime>				
		<Skills>				
			<DeathAnimation>			
				<castSkinId>444</castSkinId>		
			</DeathAnimation>			
		</Skills>				
	</Soldier>					
	<Soldier id='12627'>					
		<body_type>2</body_type>				
		<body_shape>0</body_shape>				
		<body_radius>0.8</body_radius>				
		<body_density>10000</body_density>				
		<type>0</type>				
		<c_name>吕蒙</c_name>				
		<c_moveSpeed>1.45</c_moveSpeed>				
		<c_scanRange>5</c_scanRange>				
		<c_hp>660</c_hp>				
		<c_armor>0</c_armor>				
		<c_magicResist>0</c_magicResist>				
		<c_attackTargetType>0x0013</c_attackTargetType>				
		<c_attackDamage>75</c_attackDamage>				
		<c_damageType>0</c_damageType>				
		<c_attackDelay>0.3</c_attackDelay>				
		<c_attackCD>1.1</c_attackCD>				
		<c_attackRange>0</c_attackRange>				
		<c_attackProjectileType>0</c_attackProjectileType>				
		<c_attackSputterType>0</c_attackSputterType>				
		<c_skinId>12627</c_skinId>				
		<c_skinScale>1</c_skinScale>				
		<c_hpbarZ>69</c_hpbarZ><c_hpbarX>0</c_hpbarX><c_hpbarWidth>42</c_hpbarWidth>				
		<c_hitZ>55</c_hitZ>				
		<c_waittime>1</c_waittime>				
		<Skills>				
			<DeathAnimation>			
				<castSkinId>444</castSkinId>		
			</DeathAnimation>			
		</Skills>				
	</Soldier>					
	<Soldier id='12633'>					
		<body_type>2</body_type>				
		<body_shape>0</body_shape>				
		<body_radius>0.7</body_radius>				
		<body_density>1</body_density>				
		<type>0</type>				
		<c_name>王允</c_name>				
		<c_moveSpeed>1.45</c_moveSpeed>				
		<c_scanRange>5</c_scanRange>				
		<c_hp>147</c_hp>				
		<c_armor>0</c_armor>				
		<c_magicResist>0</c_magicResist>				
		<c_attackTargetType>0x0013</c_attackTargetType>				
		<c_attackDamage>123</c_attackDamage>				
		<c_damageType>0</c_damageType>				
		<c_attackDelay>0.45</c_attackDelay>				
		<c_attackCD>2</c_attackCD>				
		<c_attackRange>5</c_attackRange>				
		<c_attackProjectileType>1</c_attackProjectileType>				
		<c_projectileFlySpeed>12</c_projectileFlySpeed>				
		<c_projectileLaunchSlope>0</c_projectileLaunchSlope>				
		<c_projectileSkinId>112633</c_projectileSkinId>				
		<c_attackSputterType>2</c_attackSputterType>				
		<c_attackSputterRange>1.5</c_attackSputterRange>				
		<c_skinId>12633</c_skinId>				
		<c_skinScale>0.85</c_skinScale>				
		<c_launchX>25</c_launchX>				
		<c_launchZ>45</c_launchZ>				
		<c_hpbarZ>69</c_hpbarZ><c_hpbarX>0</c_hpbarX><c_hpbarWidth>25</c_hpbarWidth>				
		<c_hitZ>48</c_hitZ>				
		<c_waittime>1</c_waittime>				
		<Skills>				
			<DeathAnimation>			
				<castSkinId>444</castSkinId>		
			</DeathAnimation>			
		</Skills>				
	</Soldier>					
	<Soldier id='12652'>					
		<body_type>2</body_type>				
		<body_shape>0</body_shape>				
		<body_radius>0.8</body_radius>				
		<body_density>100000</body_density>				
		<type>0</type>				
		<c_name>黄忠</c_name>				
		<c_moveSpeed>1.98</c_moveSpeed>				
		<c_scanRange>6.5</c_scanRange>				
		<c_hp>340</c_hp>				
		<c_armor>0</c_armor>				
		<c_magicResist>0</c_magicResist>				
		<c_attackTargetType>0x0013</c_attackTargetType>				
		<c_attackDamage>77</c_attackDamage>				
		<c_damageType>0</c_damageType>				
		<c_attackDelay>0.405</c_attackDelay>				
		<c_attackCD>1</c_attackCD>				
		<c_attackRange>6.5</c_attackRange>				
		<c_attackProjectileType>1</c_attackProjectileType>				
		<c_projectileFlySpeed>16.5</c_projectileFlySpeed>				
		<c_projectileLaunchSlope>0.6</c_projectileLaunchSlope>				
		<c_projectileSkinId>15003</c_projectileSkinId>				
		<c_attackSputterType>0</c_attackSputterType>				
		<c_skinId>12652</c_skinId>				
		<c_skinScale>1</c_skinScale>				
		<c_launchX>49</c_launchX>				
		<c_launchZ>81</c_launchZ>				
		<c_hpbarZ>76</c_hpbarZ><c_hpbarX>0</c_hpbarX><c_hpbarWidth>42</c_hpbarWidth>				
		<c_hitZ>64</c_hitZ>				
		<c_waittime>1</c_waittime>				
		<Skills>				
			<DeathAnimation>			
				<castSkinId>444</castSkinId>		
			</DeathAnimation>			
		</Skills>				
	</Soldier>					
	<Soldier id='12662'>					
		<body_type>2</body_type>				
		<body_shape>0</body_shape>				
		<body_radius>0.7</body_radius>				
		<body_density>10000</body_density>				
		<type>0</type>				
		<c_name>于吉</c_name>				
		<c_moveSpeed>1.45</c_moveSpeed>				
		<c_scanRange>5</c_scanRange>				
		<c_hp>1050</c_hp>				
		<c_armor>0</c_armor>				
		<c_magicResist>0</c_magicResist>				
		<c_attackTargetType>0x0012</c_attackTargetType>				
		<c_attackDamage>600</c_attackDamage>				
		<c_damageType>0</c_damageType>				
		<c_attackDelay>0.45</c_attackDelay>				
		<c_attackCD>3</c_attackCD>				
		<c_attackRange>0</c_attackRange>				
		<c_attackProjectileType>0</c_attackProjectileType>				
		<c_attackSputterType>0</c_attackSputterType>				
		<c_skinId>12662</c_skinId>				
		<c_skinScale>0.85</c_skinScale>				
		<c_hpbarZ>55</c_hpbarZ><c_hpbarX>0</c_hpbarX><c_hpbarWidth>42</c_hpbarWidth>				
		<c_hitZ>42</c_hitZ>				
		<c_waittime>1</c_waittime>				
		<Skills>				
			<DeathAnimation>			
				<castSkinId>444</castSkinId>		
			</DeathAnimation>			
		</Skills>				
	</Soldier>					
	<Soldier id='12672'>					
		<body_type>2</body_type>				
		<body_shape>0</body_shape>				
		<body_radius>0.7</body_radius>				
		<body_density>100000</body_density>				
		<type>0</type>				
		<c_name>孟获</c_name>				
		<c_moveSpeed>1.45</c_moveSpeed>				
		<c_scanRange>5</c_scanRange>				
		<c_hp>2000</c_hp>				
		<c_armor>0</c_armor>				
		<c_magicResist>0</c_magicResist>				
		<c_attackTargetType>0x0013</c_attackTargetType>				
		<c_attackDamage>120</c_attackDamage>				
		<c_damageType>0</c_damageType>				
		<c_attackDelay>0.45</c_attackDelay>				
		<c_attackCD>1.5</c_attackCD>				
		<c_attackRange>0</c_attackRange>				
		<c_attackProjectileType>0</c_attackProjectileType>				
		<c_attackSputterType>0</c_attackSputterType>				
		<c_skinId>12672</c_skinId>				
		<c_skinScale>1</c_skinScale>				
		<c_hpbarZ>55</c_hpbarZ><c_hpbarX>0</c_hpbarX><c_hpbarWidth>42</c_hpbarWidth>				
		<c_hitZ>42</c_hitZ>				
		<c_waittime>1</c_waittime>				
		<Skills>				
			<DeathAnimation>			
				<castSkinId>444</castSkinId>		
			</DeathAnimation>			
		</Skills>				
	</Soldier>					
	<Soldier id='12673'>					
		<body_type>2</body_type>				
		<body_shape>0</body_shape>				
		<body_radius>0.7</body_radius>				
		<body_density>1</body_density>				
		<type>0</type>				
		<c_name>祝融</c_name>				
		<c_moveSpeed>1.45</c_moveSpeed>				
		<c_scanRange>5</c_scanRange>				
		<c_hp>880</c_hp>				
		<c_armor>0</c_armor>				
		<c_magicResist>0</c_magicResist>				
		<c_attackTargetType>0x0013</c_attackTargetType>				
		<c_attackDamage>120</c_attackDamage>				
		<c_damageType>0</c_damageType>				
		<c_attackDelay>0.45</c_attackDelay>				
		<c_attackCD>1.5</c_attackCD>				
		<c_attackRange>0</c_attackRange>				
		<c_attackProjectileType>0</c_attackProjectileType>				
		<c_attackSputterType>1</c_attackSputterType>				
		<c_attackSputterRange>1.2</c_attackSputterRange>				
		<c_skinId>12673</c_skinId>				
		<c_skinScale>1.05</c_skinScale>				
		<c_hpbarZ>55</c_hpbarZ><c_hpbarX>0</c_hpbarX><c_hpbarWidth>42</c_hpbarWidth>				
		<c_hitZ>42</c_hitZ>				
		<c_waittime>1</c_waittime>				
		<Skills>				
			<DeathAnimation>			
				<castSkinId>444</castSkinId>		
			</DeathAnimation>			
		</Skills>				
	</Soldier>					
	<Building id='13001'>					
		<body_type>0</body_type>				
		<body_shape>0</body_shape>				
		<body_radius>0.7</body_radius>				
		<type>1</type>				
		<c_name>弹射战车</c_name>				
		<c_moveSpeed>0</c_moveSpeed>				
		<c_scanRange>11.5</c_scanRange>				
		<c_hp>1000</c_hp>				
		<c_armor>0</c_armor>				
		<c_magicResist>0</c_magicResist>				
		<c_attackTargetType>0x0013</c_attackTargetType>				
		<c_attackDamage>20</c_attackDamage>				
		<c_damageType>0</c_damageType>				
		<c_attackDelay>0.315</c_attackDelay>				
		<c_attackCD>0.3</c_attackCD>				
		<c_attackRange>11.5</c_attackRange>				
		<c_attackProjectileType>1</c_attackProjectileType>				
		<c_projectileFlySpeed>28</c_projectileFlySpeed>				
		<c_projectileLaunchSlope>0</c_projectileLaunchSlope>				
		<c_projectileSkinId>113001</c_projectileSkinId>				
		<c_attackSputterType>0</c_attackSputterType>				
		<c_lifetime>40</c_lifetime>				
		<c_skinId>13001</c_skinId>				
		<c_skinScale>1</c_skinScale>				
		<c_launchX>34</c_launchX>				
		<c_launchZ>24</c_launchZ>				
		<c_hpbarZ>31</c_hpbarZ><c_hpbarX>0</c_hpbarX><c_hpbarWidth>42</c_hpbarWidth>				
		<c_hitZ>24</c_hitZ>				
		<c_waittime>4</c_waittime>				
		<Skills>				
			<CountdownSelfHarm>			
				<CD>1</CD>		
			</CountdownSelfHarm>			
		</Skills>				
	</Building>					
	<Building id='13002'>					
		<body_type>0</body_type>				
		<body_shape>0</body_shape>				
		<body_radius>0.7</body_radius>				
		<type>1</type>				
		<c_name>轻步兵营</c_name>				
		<c_moveSpeed>0</c_moveSpeed>				
		<c_hp>240</c_hp>				
		<c_armor>0</c_armor>				
		<c_magicResist>0</c_magicResist>				
		<c_damageType>0</c_damageType>				
		<c_attackDelay>0.35</c_attackDelay>				
						
		<c_lifetime>60</c_lifetime>				
		<c_skinId>13002</c_skinId>				
		<c_skinScale>1</c_skinScale>				
		<c_hpbarZ>50</c_hpbarZ><c_hpbarX>0</c_hpbarX><c_hpbarWidth>42</c_hpbarWidth>				
		<c_hitZ>42</c_hitZ>				
		<c_waittime>1</c_waittime>				
		<Skills>				
			<AutoSpawn>			
				<spawnId>12101</spawnId>		
				<spawnAmount>1</spawnAmount>		
				<spawnCD>2.9</spawnCD>		
			</AutoSpawn>			
			<CountdownSelfHarm>			
				<CD>1</CD>		
			</CountdownSelfHarm>			
		</Skills>				
	</Building>					
	<Building id='13003'>					
		<body_type>0</body_type>				
		<body_shape>0</body_shape>				
		<body_radius>0.7</body_radius>				
		<type>1</type>				
		<c_name>弓兵营</c_name>				
		<c_moveSpeed>0</c_moveSpeed>				
		<c_hp>700</c_hp>				
		<c_armor>0</c_armor>				
		<c_magicResist>0</c_magicResist>				
		<c_damageType>0</c_damageType>				
		<c_attackDelay>0.35</c_attackDelay>				
						
		<c_lifetime>35</c_lifetime>				
		<c_skinId>13003</c_skinId>				
		<c_skinScale>1</c_skinScale>				
		<c_hpbarZ>50</c_hpbarZ><c_hpbarX>0</c_hpbarX><c_hpbarWidth>42</c_hpbarWidth>				
		<c_hitZ>42</c_hitZ>				
		<c_waittime>1</c_waittime>				
		<Skills>				
			<AutoSpawn>			
				<spawnId>12103</spawnId>		
				<spawnAmount>1</spawnAmount>		
				<spawnCD>4.9</spawnCD>		
			</AutoSpawn>			
			<CountdownSelfHarm>			
				<CD>1</CD>		
			</CountdownSelfHarm>			
		</Skills>				
	</Building>					
	<Building id='13004'>					
		<body_type>0</body_type>				
		<body_shape>0</body_shape>				
		<body_radius>0.7</body_radius>				
		<type>1</type>				
		<c_name>玄武塔</c_name>				
		<c_moveSpeed>0</c_moveSpeed>				
		<c_scanRange>6.5</c_scanRange>				
		<c_hp>1000</c_hp>				
		<c_armor>0</c_armor>				
		<c_magicResist>0</c_magicResist>				
		<c_attackTargetType>0x0013</c_attackTargetType>				
		<c_attackDamage>100</c_attackDamage>				
		<c_damageType>1</c_damageType>				
		<c_attackDelay>0.315</c_attackDelay>				
		<c_attackCD>1.8</c_attackCD>				
		<c_attackRange>6.5</c_attackRange>				
		<c_attackProjectileType>1</c_attackProjectileType>				
		<c_projectileFlySpeed>13.5</c_projectileFlySpeed>				
		<c_projectileLaunchSlope>0.6</c_projectileLaunchSlope>				
		<c_projectileSkinId>15003</c_projectileSkinId>				
		<c_attackSputterType>2</c_attackSputterType>				
		<c_attackSputterRange>1</c_attackSputterRange>				
		<c_lifetime>40</c_lifetime>				
		<c_skinId>13004</c_skinId>				
		<c_skinScale>1</c_skinScale>				
		<c_launchX>28</c_launchX>				
		<c_launchZ>81</c_launchZ>				
		<c_hpbarZ>95</c_hpbarZ><c_hpbarX>0</c_hpbarX><c_hpbarWidth>42</c_hpbarWidth>				
		<c_hitZ>60</c_hitZ>				
		<c_waittime>1</c_waittime>				
		<Skills>				
			<CountdownSelfHarm>			
				<CD>1</CD>		
			</CountdownSelfHarm>			
		</Skills>				
	</Building>					
	<Building id='13005'>					
		<body_type>0</body_type>				
		<body_shape>0</body_shape>				
		<body_radius>0.7</body_radius>				
		<type>1</type>				
		<c_name>龙炮</c_name>				
		<c_moveSpeed>0</c_moveSpeed>				
		<c_scanRange>6.5</c_scanRange>				
		<c_hp>800</c_hp>				
		<c_armor>0</c_armor>				
		<c_magicResist>0</c_magicResist>				
		<c_attackTargetType>0x0013</c_attackTargetType>				
		<c_attackDamage>20</c_attackDamage>				
		<c_damageType>0</c_damageType>				
		<c_attackDelay>0.315</c_attackDelay>				
		<c_attackCD>0.4</c_attackCD>				
		<c_attackRange>6.5</c_attackRange>				
		<c_attackProjectileType>1</c_attackProjectileType>				
		<c_projectileFlySpeed>20</c_projectileFlySpeed>				
		<c_projectileLaunchSlope>0</c_projectileLaunchSlope>				
		<c_projectileSkinId>15003</c_projectileSkinId>				
		<c_attackSputterType>0</c_attackSputterType>				
		<c_lifetime>40</c_lifetime>				
		<c_skinId>13005</c_skinId>				
		<c_skinScale>1</c_skinScale>				
		<c_launchX>36</c_launchX>				
		<c_launchZ>41</c_launchZ>				
		<c_hpbarZ>50</c_hpbarZ><c_hpbarX>0</c_hpbarX><c_hpbarWidth>42</c_hpbarWidth>				
		<c_hitZ>42</c_hitZ>				
		<c_waittime>1</c_waittime>				
		<Skills>				
			<CountdownSelfHarm>			
				<CD>1</CD>		
			</CountdownSelfHarm>			
		</Skills>				
	</Building>					
	<Building id='13007'>					
		<body_type>0</body_type>				
		<body_shape>0</body_shape>				
		<body_radius>0.7</body_radius>				
		<type>1</type>				
		<c_name>勇士营</c_name>				
		<c_moveSpeed>0</c_moveSpeed>				
		<c_hp>1000</c_hp>				
		<c_armor>0</c_armor>				
		<c_magicResist>0</c_magicResist>				
		<c_damageType>0</c_damageType>				
		<c_attackDelay>0.35</c_attackDelay>				
						
		<c_lifetime>50</c_lifetime>				
		<c_skinId>13007</c_skinId>				
		<c_skinScale>1</c_skinScale>				
		<c_hpbarZ>50</c_hpbarZ><c_hpbarX>0</c_hpbarX><c_hpbarWidth>42</c_hpbarWidth>				
		<c_hitZ>42</c_hitZ>				
		<c_waittime>1</c_waittime>				
		<Skills>				
			<AutoSpawn>			
				<spawnId>12201</spawnId>		
				<spawnAmount>2</spawnAmount>		
				<spawnCD>14</spawnCD>		
			</AutoSpawn>			
			<CountdownSelfHarm>			
				<CD>1</CD>		
			</CountdownSelfHarm>			
		</Skills>				
	</Building>					
	<Building id='13008'>					
		<body_type>0</body_type>				
		<body_shape>0</body_shape>				
		<body_radius>0.7</body_radius>				
		<type>1</type>				
		<c_name>巫师营</c_name>				
		<c_moveSpeed>0</c_moveSpeed>				
		<c_hp>600</c_hp>				
		<c_armor>0</c_armor>				
		<c_magicResist>0</c_magicResist>				
		<c_damageType>0</c_damageType>				
		<c_attackDelay>0.35</c_attackDelay>				
		<c_lifetime>40</c_lifetime>				
		<c_skinId>13008</c_skinId>				
		<c_skinScale>1</c_skinScale>				
		<c_hpbarZ>50</c_hpbarZ><c_hpbarX>0</c_hpbarX><c_hpbarWidth>42</c_hpbarWidth>				
		<c_hitZ>42</c_hitZ>				
		<c_waittime>1</c_waittime>				
		<Skills>				
			<AutoSpawn>			
				<spawnId>12104</spawnId>		
				<spawnAmount>2</spawnAmount>		
				<spawnCD>10</spawnCD>		
			</AutoSpawn>			
			<CountdownSelfHarm>			
				<CD>1</CD>		
			</CountdownSelfHarm>			
		</Skills>				
	</Building>					
	<Building id='13009'>					
		<body_type>0</body_type>				
		<body_shape>0</body_shape>				
		<body_radius>0.7</body_radius>				
		<type>1</type>				
		<c_name>投石车</c_name>				
		<c_moveSpeed>0</c_moveSpeed>				
		<c_scanRange>6</c_scanRange>				
		<c_hp>1000</c_hp>				
		<c_armor>0</c_armor>				
		<c_magicResist>0</c_magicResist>				
		<c_attackTargetType>0x0013</c_attackTargetType>				
		<c_attackDamage>60</c_attackDamage>				
		<c_damageType>0</c_damageType>				
		<c_attackDelay>0.225</c_attackDelay>				
		<c_attackCD>0.8</c_attackCD>				
		<c_attackRange>6</c_attackRange>				
		<c_attackProjectileType>2</c_attackProjectileType>				
		<c_projectileFlySpeed>18</c_projectileFlySpeed>				
		<c_projectileLaunchSlope>1.25</c_projectileLaunchSlope>				
		<c_projectileSkinId>113009</c_projectileSkinId>				
		<c_attackSputterType>0</c_attackSputterType>				
		<c_lifetime>40</c_lifetime>				
		<c_skinId>13009</c_skinId>				
		<c_skinScale>1</c_skinScale>				
		<c_launchX>14</c_launchX>				
		<c_launchZ>90</c_launchZ>				
		<c_hpbarZ>35</c_hpbarZ><c_hpbarX>0</c_hpbarX><c_hpbarWidth>42</c_hpbarWidth>				
		<c_hitZ>28</c_hitZ>				
		<c_waittime>1</c_waittime>				
		<Skills>				
			<CountdownSelfHarm>			
				<CD>1</CD>		
			</CountdownSelfHarm>			
		</Skills>				
	</Building>					
	<Building id='13010'>					
		<body_type>0</body_type>				
		<body_shape>0</body_shape>				
		<body_radius>0.7</body_radius>				
		<type>1</type>				
		<c_name>箭塔</c_name>				
		<c_moveSpeed>0</c_moveSpeed>				
		<c_scanRange>6</c_scanRange>				
		<c_hp>420</c_hp>				
		<c_armor>0</c_armor>				
		<c_magicResist>0</c_magicResist>				
		<c_attackTargetType>0x0013</c_attackTargetType>				
		<c_attackDamage>61</c_attackDamage>				
		<c_damageType>0</c_damageType>				
		<c_attackDelay>0.315</c_attackDelay>				
		<c_attackCD>0.8</c_attackCD>				
		<c_attackRange>6</c_attackRange>				
		<c_attackProjectileType>1</c_attackProjectileType>				
		<c_projectileFlySpeed>18</c_projectileFlySpeed>				
		<c_projectileLaunchSlope>0</c_projectileLaunchSlope>				
		<c_projectileSkinId>15003</c_projectileSkinId>				
		<c_attackSputterType>0</c_attackSputterType>				
		<c_lifetime>40</c_lifetime>				
		<c_skinId>13010</c_skinId>				
		<c_skinScale>1</c_skinScale>				
		<c_launchX>36</c_launchX>				
		<c_launchZ>41</c_launchZ>				
		<c_hpbarZ>50</c_hpbarZ><c_hpbarX>0</c_hpbarX><c_hpbarWidth>42</c_hpbarWidth>				
		<c_hitZ>42</c_hitZ>				
		<c_waittime>1</c_waittime>				
		<Skills>				
			<CountdownSelfHarm>			
				<CD>1</CD>		
			</CountdownSelfHarm>			
		</Skills>				
	</Building>					
	<Building id='13011'>					
		<body_type>0</body_type>				
		<body_shape>0</body_shape>				
		<body_radius>0.7</body_radius>				
		<type>1</type>				
		<c_name>重型投石车</c_name>				
		<c_moveSpeed>0</c_moveSpeed>				
		<c_scanRange>12</c_scanRange>				
		<c_hp>600</c_hp>				
		<c_armor>0</c_armor>				
		<c_magicResist>0</c_magicResist>				
		<c_attackTargetType>0x0013</c_attackTargetType>				
		<c_attackDamage>108</c_attackDamage>				
		<c_damageType>0</c_damageType>				
		<c_attackDelay>0.315</c_attackDelay>				
		<c_attackCD>5</c_attackCD>				
		<c_attackRange>12</c_attackRange>				
		<c_attackProjectileType>1</c_attackProjectileType>				
		<c_projectileFlySpeed>11.5</c_projectileFlySpeed>				
		<c_projectileLaunchSlope>1.25</c_projectileLaunchSlope>				
		<c_projectileSkinId>15003</c_projectileSkinId>				
		<c_attackSputterType>2</c_attackSputterType>				
		<c_attackSputterRange>1</c_attackSputterRange>				
		<c_lifetime>30</c_lifetime>				
		<c_skinId>13011</c_skinId>				
		<c_skinScale>1</c_skinScale>				
		<c_launchX>36</c_launchX>				
		<c_launchZ>41</c_launchZ>				
		<c_hpbarZ>50</c_hpbarZ><c_hpbarX>0</c_hpbarX><c_hpbarWidth>42</c_hpbarWidth>				
		<c_hitZ>42</c_hitZ>				
		<c_waittime>4</c_waittime>				
		<Skills>				
			<CountdownSelfHarm>			
				<CD>1</CD>		
			</CountdownSelfHarm>			
		</Skills>				
	</Building>					
	<AOE id='14001'>					
		<type>4</type>				
		<c_name>战鼓</c_name>				
		<c_scanRange>5</c_scanRange>				
		<c_waittime>0.5</c_waittime>				
		<c_lifetime>8.0</c_lifetime>				
		<c_attackTargetType>0x0013</c_attackTargetType>				
		<c_attackCD>0.2</c_attackCD>				
		<c_skinId>14001</c_skinId>				
		<c_skinScale>1</c_skinScale>				
		<c_displayLayer>-1</c_displayLayer>				
		<Skills>				
			<HitEnhance>			
				<duration>0.21</duration><!-- buff持续时间 -->		
				<moveSpeedMultiple>1.4</moveSpeedMultiple><!-- 移动速度倍数 -->		
				<attackSpeedMultiple>1.4</attackSpeedMultiple><!-- 攻击速度倍数 -->		
				<attackDamageMultiple>1.0</attackDamageMultiple><!-- 攻击伤害倍数 -->		
				<autoSpawnSpeedMultiple>1.1</autoSpawnSpeedMultiple><!-- 自动召唤速度倍数 -->		
				<buffColor>0xff0000</buffColor><!-- buff特效的颜色 -->		
			</HitEnhance>			
		</Skills>				
	</AOE>					
	<AOE id='14002'>					
		<type>4</type>				
		<c_name>地矛刺</c_name>				
		<c_scanRange>3.5</c_scanRange>				
		<c_attackDamage>45</c_attackDamage>				
		<c_waittime>1</c_waittime>				
		<c_lifetime>10.0</c_lifetime>				
		<c_attackTargetType>0x0013</c_attackTargetType>				
		<c_attackCD>1</c_attackCD>				
		<c_skinId>14002</c_skinId>				
		<c_skinScale>1</c_skinScale>				
		<c_displayLayer>-1</c_displayLayer>				
		<Skills>				
			<HitWeaken>			
				<duration>1.1</duration><!-- buff持续时间 -->		
				<moveSpeedMultiple>0.8</moveSpeedMultiple><!-- 移动速度倍数 -->		
				<attackSpeedMultiple>0.8</attackSpeedMultiple><!-- 攻击速度倍数 -->		
				<attackDamageMultiple>1</attackDamageMultiple><!-- 攻击伤害倍数 -->		
				<autoSpawnSpeedMultiple>0.9</autoSpawnSpeedMultiple><!-- 自动召唤速度倍数 -->		
				<buffColor>0xcf7f00</buffColor><!-- buff特效的颜色 -->		
			</HitWeaken>			
		</Skills>				
	</AOE>					
	<AOE id='14003'>					
		<type>4</type>				
		<c_name>冰凝术</c_name>				
		<c_scanRange>4</c_scanRange>				
		<c_waittime>0.5</c_waittime>				
		<c_lifetime>4</c_lifetime>				
		<c_attackTargetType>0x0013</c_attackTargetType>				
		<c_attackCD>0.2</c_attackCD>				
		<c_skinId>14003</c_skinId>				
		<c_skinScale>1</c_skinScale>				
		<c_displayLayer>-1</c_displayLayer>				
		<Skills>				
			<HitStun>			
				<duration>0.21</duration><!-- buff持续时间 ，比CD时间多一点点-->		
				<buffColor>0x7fcfff</buffColor><!-- buff特效的颜色 -->		
			</HitStun>			
		</Skills>				
	</AOE>					
	<AOE id='14004'>					
		<type>4</type>				
		<c_name>奇兵</c_name>				
		<c_waittime>0.1</c_waittime>				
		<c_lifetime>0.5</c_lifetime>				
		<c_skinId>14004</c_skinId>				
		<c_skinScale>1</c_skinScale>				
		<c_displayLayer>1</c_displayLayer>				
		<Skills>				
			<DeathSpawn>			
				<spawnId>12209</spawnId>		
				<spawnAmount>3</spawnAmount>		
				<spawnDelay>0.1</spawnDelay><!-- 召唤延迟 -->		
			</DeathSpawn>			
		</Skills>				
	</AOE>					
	<AOE id='14005'>					
		<type>4</type>				
		<c_name>五雷轰顶</c_name>				
		<c_scanRange>3.5</c_scanRange>				
		<c_attackDamage>650</c_attackDamage>				
		<c_waittime>0.2</c_waittime>				
		<c_lifetime>0.3</c_lifetime>				
		<c_attackTargetType>0x0013</c_attackTargetType>				
		<c_skinId>14005</c_skinId>				
		<c_skinScale>1</c_skinScale>				
		<c_displayLayer>1</c_displayLayer>				
		<Skills>				
			<HitStun>			
				<duration>0.5</duration><!-- buff持续时间 -->		
				<buffColor>0xcfff3f</buffColor><!-- buff特效的颜色 -->		
			</HitStun>			
		</Skills>				
	</AOE>					
	<AOE id='14007'>					
		<type>4</type>				
		<c_name>伏羲剑</c_name>				
		<c_scanRange>3</c_scanRange>				
		<c_attackDamage>325</c_attackDamage>				
		<c_waittime>0.3</c_waittime>				
		<c_lifetime>0.5</c_lifetime>				
		<c_attackTargetType>0x0013</c_attackTargetType>				
		<c_skinId>14007</c_skinId>				
		<c_skinScale>1</c_skinScale>				
		<c_displayLayer>1</c_displayLayer>				
	</AOE>					
	<AOE id='14008'>					
		<type>4</type>				
		<c_name>火流星</c_name>				
		<c_scanRange>2</c_scanRange>				
		<c_attackDamage>700</c_attackDamage>				
		<c_waittime>0.3</c_waittime>				
		<c_lifetime>0.5</c_lifetime>				
		<c_attackTargetType>0x0013</c_attackTargetType>				
		<c_skinId>14008</c_skinId>				
		<c_skinScale>1</c_skinScale>				
		<c_displayLayer>-1</c_displayLayer>				
	</AOE>					
	<AOE id='14009'>					
		<type>4</type>				
		<c_name>落雷术</c_name>				
		<c_scanRange>2.5</c_scanRange>				
		<c_attackDamage>80</c_attackDamage>				
		<c_waittime>0.1</c_waittime>				
		<c_lifetime>0.5</c_lifetime>				
		<c_attackTargetType>0x0013</c_attackTargetType>				
		<c_skinId>14009</c_skinId>				
		<c_skinScale>1</c_skinScale>				
		<c_displayLayer>1</c_displayLayer>				
		<Skills>				
			<HitStun>			
				<duration>0.5</duration><!-- buff持续时间 -->		
				<buffColor>0xcfff3f</buffColor><!-- buff特效的颜色 -->		
			</HitStun>			
		</Skills>				
	</AOE>					
	<AOE id='14010'>					
		<type>4</type>				
		<c_name>剑雨</c_name>				
		<c_scanRange>5</c_scanRange>				
		<c_attackDamage>115</c_attackDamage>				
		<c_waittime>0.3</c_waittime>				
		<c_lifetime>0.5</c_lifetime>				
		<c_attackTargetType>0x0013</c_attackTargetType>				
		<c_skinId>14010</c_skinId>				
		<c_skinScale>1</c_skinScale>				
		<c_displayLayer>-1</c_displayLayer>				
	</AOE>					
	<Soldier id='15020'>					
		<body_type>2</body_type>				
		<body_shape>0</body_shape>				
		<body_radius>0.7</body_radius>				
		<body_density>10000</body_density>				
		<type>0</type>				
		<c_name>骑兵小队</c_name>				
		<c_moveSpeed>1.98</c_moveSpeed>				
		<c_scanRange>5</c_scanRange>				
		<c_hp>195</c_hp>				
		<c_armor>0</c_armor>				
		<c_magicResist>0</c_magicResist>				
		<c_attackTargetType>0x0013</c_attackTargetType>				
		<c_attackDamage>93</c_attackDamage>				
		<c_damageType>0</c_damageType>				
		<c_attackDelay>0.4</c_attackDelay>				
		<c_attackCD>1.2</c_attackCD>				
		<c_attackRange>0</c_attackRange>				
		<c_attackProjectileType>0</c_attackProjectileType>				
		<c_attackSputterType>0</c_attackSputterType>				
		<c_skinId>15020</c_skinId>				
		<c_skinScale>1</c_skinScale>				
		<c_hpbarZ>60</c_hpbarZ><c_hpbarX>0</c_hpbarX><c_hpbarWidth>25</c_hpbarWidth>				
		<c_hitZ>55</c_hitZ>				
		<c_waittime>1.5</c_waittime>				
		<Skills>				
			<DeathAnimation>			
				<castSkinId>444</castSkinId>		
			</DeathAnimation>			
		</Skills>				
	</Soldier>					
	<Soldier id='15021'>					
		<body_type>2</body_type>				
		<body_shape>0</body_shape>				
		<body_radius>1</body_radius>				
		<body_density>100000</body_density>				
		<type>0</type>				
		<c_name>象兵</c_name>				
		<c_moveSpeed>1.1</c_moveSpeed>				
		<c_scanRange>5</c_scanRange>				
		<c_hp>1500</c_hp>				
		<c_armor>0</c_armor>				
		<c_magicResist>0</c_magicResist>				
		<c_attackTargetType>0x0012</c_attackTargetType>				
		<c_attackDamage>150</c_attackDamage>				
		<c_damageType>0</c_damageType>				
		<c_attackDelay>0.65</c_attackDelay>				
		<c_attackCD>3</c_attackCD>				
		<c_attackRange>0</c_attackRange>				
		<c_attackProjectileType>0</c_attackProjectileType>				
		<c_attackSputterType>0</c_attackSputterType>				
		<c_skinId>15021</c_skinId>				
		<c_skinScale>1.2</c_skinScale>				
		<c_hpbarZ>65</c_hpbarZ><c_hpbarX>0</c_hpbarX><c_hpbarWidth>42</c_hpbarWidth>				
		<c_hitZ>53</c_hitZ>				
		<c_waittime>2</c_waittime>				
		<Skills>				
			<DeathAnimation>			
				<castSkinId>444</castSkinId>		
			</DeathAnimation>			
		</Skills>				
	</Soldier>					
	<Soldier id='15022'>					
		<body_type>2</body_type>				
		<body_shape>0</body_shape>				
		<body_radius>0.5</body_radius>				
		<body_density>100000</body_density>				
		<type>0</type>				
		<c_name>虎豹骑</c_name>				
		<c_moveSpeed>2.48</c_moveSpeed>				
		<c_hp>600</c_hp>				
		<c_armor>0</c_armor>				
		<c_magicResist>0</c_magicResist>				
		<c_attackTargetType>0x0012</c_attackTargetType>				
		<c_attackDamage>120</c_attackDamage>				
		<c_damageType>0</c_damageType>				
		<c_attackDelay>0.38</c_attackDelay>				
		<c_attackCD>1.65</c_attackCD>				
		<c_attackRange>0</c_attackRange>				
		<c_attackProjectileType>0</c_attackProjectileType>				
		<c_attackSputterType>0</c_attackSputterType>				
		<c_skinId>15022</c_skinId>				
		<c_waittime>1</c_waittime>				
		<c_hpbarZ>65</c_hpbarZ><c_hpbarX>0</c_hpbarX><c_hpbarWidth>42</c_hpbarWidth>				
		<c_hitZ>42</c_hitZ>				
		<c_scanRange>5</c_scanRange>				
		<c_skinScale>1.1</c_skinScale>				
		<Skills>				
			<DeathAnimation>			
				<castSkinId>444</castSkinId>		
			</DeathAnimation>			
		</Skills>				
	</Soldier>					
	<Soldier id='15023'>					
		<body_type>2</body_type>				
		<body_shape>0</body_shape>				
		<body_radius>0.6</body_radius>				
		<body_density>1</body_density>				
		<type>0</type>				
		<c_name>医师</c_name>				
		<c_moveSpeed>1.1</c_moveSpeed>				
		<c_scanRange>5</c_scanRange>				
		<c_hp>150</c_hp>				
		<c_armor>0</c_armor>				
		<c_magicResist>0</c_magicResist>				
		<c_attackTargetType>0x0021</c_attackTargetType>				
		<c_attackHeal>39</c_attackHeal>				
		<c_attackDelay>0.135</c_attackDelay>				
		<c_attackCD>1.75</c_attackCD>				
		<c_attackRange>5</c_attackRange>				
		<c_attackProjectileType>2</c_attackProjectileType>				
		<c_projectileFlySpeed>0</c_projectileFlySpeed>				
		<c_projectileLaunchSlope>0</c_projectileLaunchSlope>				
		<c_projectileSkinId>1315023</c_projectileSkinId>				
		<c_attackSputterType>0</c_attackSputterType>				
		<c_skinId>15023</c_skinId>				
		<c_skinScale>0.85</c_skinScale>				
		<c_launchX>33</c_launchX>				
		<c_launchZ>53</c_launchZ>				
		<c_hpbarZ>50</c_hpbarZ><c_hpbarX>0</c_hpbarX><c_hpbarWidth>25</c_hpbarWidth>				
		<c_hitZ>47</c_hitZ>				
		<c_waittime>1</c_waittime>				
		<Skills>				
			<DeathAnimation>			
				<castSkinId>444</castSkinId>		
			</DeathAnimation>			
		</Skills>				
	</Soldier>					
	<AOE id='14011'>					
		<type>4</type>				
		<c_name>化瘀术</c_name>				
		<c_scanRange>3</c_scanRange>				
		<c_attackHeal>50</c_attackHeal>				
		<c_waittime>1</c_waittime>				
		<c_lifetime>10.0</c_lifetime>				
		<c_attackTargetType>0x0021</c_attackTargetType>				
		<c_attackCD>1</c_attackCD>				
		<c_skinId>14011</c_skinId>				
		<c_skinScale>1</c_skinScale>				
		<c_displayLayer>-1</c_displayLayer>				
	</AOE>					
</FightObjects>						
